{
"type": "FeatureCollection",
"name": "canada-community",
"xy_coordinate_resolution": 0.0001,
"features": [
{"type":"Feature","properties":{"name":"Quebec","cartodb_id":1,"created_at":"2014-10-16T13:22:00Z","updated_at":"2014-10-16T13:22:00Z"},"geometry":{"type":"MultiPolygon","coordinates":[[[[-78.1033,62.5592],[-77.8672,62.5892],[-77.8378,62.5569],[-78.1033,62.5592]]],[[[-69.1825,59.1286],[-69.1328,59.0553],[-69.2231,58.9533],[-69.3556,58.9497],[-69.2783,59.0667],[-69.3572,59.1397],[-69.1825,59.1286]]],[[[-79.4964,56.7669],[-79.4861,56.658],[-79.5675,56.6153],[-79.5817,56.8072],[-79.4964,56.7669]]],[[[-78.9003,56.3194],[-79.2108,55.8561],[-78.9867,56.2675],[-78.9833,56.3897],[-79.2833,55.8644],[-79.1339,56.1267],[-79.1506,56.2331],[-79.4931,55.8589],[-79.6361,55.8986],[-79.7856,55.7889],[-79.4747,56.0983],[-79.5131,56.135],[-79.8772,55.8319],[-80.0247,55.9014],[-79.5292,56.2756],[-79.4567,56.5533],[-79.4194,56.4436],[-79.6097,56.1317],[-79.4272,56.203],[-79.2692,56.625],[-79.0756,56.4441],[-78.9289,56.4258],[-78.9514,56.3161],[-78.9003,56.3194]]],[[[-79.5556,56.4986],[-79.7011,56.3064],[-80.1097,56.1978],[-80.0444,56.3108],[-79.6989,56.3689],[-79.5556,56.4986]]],[[[-78.6608,56.4147],[-78.6764,56.1811],[-78.9333,56.1156],[-78.8325,56.3508],[-78.6608,56.4147]]],[[[-79.0094,56.0636],[-78.9342,56.0203],[-79.1356,55.7892],[-79.0308,55.9686],[-79.0094,56.0636]]],[[[-64.2036,49.9503],[-62.5103,49.5908],[-62.2058,49.4114],[-61.8756,49.345],[-61.6617,49.1444],[-61.8136,49.0669],[-62.2428,49.0622],[-63.09,49.228],[-63.5825,49.3872],[-63.8419,49.6392],[-64.5139,49.8636],[-64.2036,49.9503]]],[[[-61.4078,47.6411],[-61.4931,47.5525],[-61.5495,47.5539],[-61.4706,47.6169],[-61.5419,47.6172],[-61.6901,47.5347],[-61.8556,47.4172],[-61.5944,47.5553],[-61.9333,47.3333],[-61.9575,47.2619],[-61.7995,47.2328],[-62.01,47.2214],[-61.9281,47.4072],[-61.5358,47.6317],[-61.4078,47.6411]]],[[[-70.8144,46.9983],[-70.9042,46.9136],[-71.1303,46.8561],[-70.8967,47.0133],[-70.8144,46.9983]]],[[[-57.1042,51.4127],[-57.2086,51.4158],[-57.2472,51.5042],[-57.6022,51.4281],[-57.7481,51.4722],[-57.7644,51.4017],[-58.0214,51.3089],[-58.6281,51.2756],[-58.68,51.2342],[-58.6186,51.153],[-58.8378,51.0825],[-58.89,50.9922],[-58.8981,51.0539],[-59.0033,51.0155],[-58.9394,50.8833],[-59.0153,50.7486],[-59.0989,50.8794],[-59.1936,50.7297],[-59.2561,50.7597],[-59.5853,50.478],[-59.8161,50.4339],[-59.8817,50.3717],[-59.8339,50.3192],[-60.1342,50.2039],[-60.15,50.2886],[-60.8405,50.2192],[-60.7928,50.2617],[-61.7208,50.0919],[-61.7831,50.1069],[-61.5772,50.1861],[-61.7903,50.1336],[-61.85,50.2125],[-62.7125,50.3153],[-63.3947,50.2133],[-63.8128,50.313],[-65.9525,50.2889],[-66.0897,50.1914],[-66.3692,50.1933],[-66.4417,50.2692],[-66.5433,50.2081],[-66.4594,50.133],[-66.6381,50.1814],[-66.7411,50.0422],[-66.9586,49.9747],[-67.0375,49.8208],[-67.1514,49.8069],[-67.2339,49.4703],[-67.3861,49.3222],[-68.1197,49.2717],[-68.1564,49.2017],[-68.2994,49.1955],[-68.1897,49.1122],[-68.4081,49.0555],[-68.3678,49.1328],[-68.4436,49.1917],[-68.4042,49.1228],[-68.6069,49.0425],[-68.6964,48.94],[-68.6422,48.9167],[-69.0608,48.7675],[-69.1425,48.595],[-69.2314,48.5855],[-69.4328,48.3078],[-69.6839,48.1378],[-70.3733,48.3742],[-70.9806,48.4622],[-71.0706,48.4401],[-70.7856,48.3958],[-70.8642,48.3172],[-70.4642,48.3492],[-69.7303,48.1094],[-69.9258,47.773],[-70.1392,47.6592],[-70.2256,47.4964],[-70.5,47.435],[-70.7217,47.1014],[-70.9736,47.0033],[-71.2992,46.7422],[-70.5414,47.0025],[-69.4506,47.9792],[-68.8233,48.3639],[-68.0586,48.6911],[-66.6392,49.1208],[-65.5881,49.2606],[-64.9425,49.2144],[-64.2356,48.9103],[-64.1581,48.7561],[-64.5575,48.8803],[-64.16,48.6228],[-64.2697,48.6047],[-64.1892,48.5208],[-64.3156,48.4192],[-64.7192,48.3383],[-64.7714,48.1964],[-64.9661,48.185],[-65.27,48.0128],[-65.8105,48.1167],[-65.8933,48.2194],[-66.08,48.0964],[-66.4708,48.1194],[-66.9436,47.9631],[-66.947,47.8992],[-67.3642,47.8414],[-67.6122,47.9975],[-68.1161,48.0019],[-68.1203,47.9267],[-68.3728,47.9247],[-68.3803,47.5586],[-68.5761,47.4247],[-69.0397,47.2972],[-69.0475,47.422],[-69.2308,47.4533],[-69.9855,46.6913],[-70.0471,46.4261],[-70.284,46.1902],[-70.2544,45.899],[-70.7204,45.5129],[-70.6354,45.3919],[-70.7974,45.4251],[-70.8769,45.2254],[-70.9599,45.3388],[-71.1536,45.2379],[-71.2977,45.2934],[-71.447,45.236],[-71.403,45.2028],[-71.5058,45.0133],[-74.7365,44.9929],[-74.3247,45.2011],[-74.4792,45.3167],[-74.3967,45.5642],[-74.8758,45.6416],[-75.8472,45.3725],[-76.0767,45.5139],[-76.3378,45.4558],[-76.6664,45.5905],[-76.8047,45.8647],[-76.9106,45.89],[-77.0028,45.7903],[-77.555,46.1519],[-78.7036,46.3372],[-78.9506,46.5117],[-79.4439,47.1106],[-79.4394,47.2653],[-79.5764,47.4419],[-79.5113,47.5656],[-79.5376,50.9586],[-79.33,50.7583],[-79.5378,50.9824],[-79.5514,51.5531],[-79.2397,51.635],[-79.2747,51.5305],[-79.0244,51.4764],[-78.9514,51.2155],[-78.8447,51.1636],[-78.9205,51.2311],[-78.8236,51.3494],[-78.8883,51.3967],[-78.6886,51.4844],[-78.8203,51.513],[-78.804,51.6102],[-79.0333,51.7764],[-78.8369,51.8414],[-78.8942,51.9383],[-78.6381,52.0572],[-78.5564,52.2356],[-78.4058,52.2378],[-78.5567,52.2722],[-78.4972,52.3586],[-78.5453,52.5147],[-78.7633,52.5644],[-78.6919,52.5961],[-78.8503,52.7647],[-78.7247,52.7855],[-78.7808,52.818],[-78.6872,52.88],[-78.8561,52.8778],[-78.8997,52.9228],[-78.7867,52.9694],[-78.9831,53.0236],[-78.9183,53.0528],[-78.9747,53.0694],[-78.8958,53.2653],[-78.9881,53.4436],[-79.1103,53.5025],[-78.9158,53.5606],[-79.063,53.5969],[-79.0111,53.6836],[-79.1514,53.705],[-79.0364,53.7297],[-79.047,53.8355],[-78.9014,53.8153],[-79.1364,53.9567],[-78.9767,54.0183],[-79.2869,54.0822],[-79.0489,54.1833],[-79.3797,54.1936],[-79.2833,54.2489],[-79.4611,54.3042],[-79.507,54.3708],[-79.4467,54.4169],[-79.6028,54.5553],[-79.5214,54.5872],[-79.7611,54.6583],[-78.3356,55.0394],[-77.7603,55.2878],[-77.2147,55.5953],[-77.0861,55.7056],[-77.1831,55.6897],[-76.6581,56.0608],[-76.5189,56.4061],[-76.5297,57.1058],[-76.8061,57.6692],[-77.1472,58.0228],[-77.4442,58.1878],[-78.0125,58.3786],[-78.3972,58.6208],[-78.3275,58.5372],[-78.5686,58.6144],[-78.4672,58.7017],[-78.5494,58.7678],[-78.4881,58.8208],[-78.5706,58.9614],[-78.3383,58.9128],[-78.0928,59.215],[-77.685,59.3933],[-77.9125,59.4153],[-77.7214,59.5397],[-77.7739,59.7097],[-77.5703,59.6958],[-77.4542,59.5792],[-77.3139,59.565],[-77.5417,59.6889],[-77.5331,59.7547],[-77.2936,59.7936],[-77.4275,59.9147],[-77.2364,59.9947],[-77.3139,60.0125],[-77.2069,60.0428],[-77.19,60.0861],[-76.7886,60.0683],[-76.8336,60.115],[-76.7589,60.1592],[-77.2,60.1508],[-77.105,60.1086],[-77.2592,60.118],[-77.2325,60.0539],[-77.3158,60.0305],[-77.6308,60.0653],[-77.4064,60.1303],[-77.7408,60.4236],[-77.4133,60.5442],[-77.6703,60.5497],[-77.8339,60.6394],[-77.6078,60.7583],[-77.745,60.7642],[-77.5117,60.8364],[-77.8903,60.75],[-77.8583,60.7919],[-77.9658,60.7914],[-77.8964,60.828],[-78.1906,60.7889],[-77.6944,61.2028],[-77.7928,61.4539],[-77.5605,61.468],[-77.6703,61.5192],[-77.6211,61.5611],[-77.4747,61.5417],[-78.0061,61.7331],[-78.1378,62.0092],[-78.1558,62.2783],[-78.0239,62.3933],[-77.4183,62.5897],[-75.5922,62.2644],[-75.895,62.1586],[-75.322,62.3111],[-74.5564,62.1047],[-74.7511,62.1911],[-74.7258,62.245],[-74.41,62.2514],[-73.6789,62.48],[-73.5625,62.3778],[-73.2114,62.3128],[-72.9425,62.118],[-72.6267,62.1156],[-72.6044,61.9711],[-72.7942,61.8348],[-72.6681,61.8792],[-72.5961,61.8055],[-72.5958,61.9428],[-72.2058,61.8633],[-72.13,61.7992],[-72.2247,61.7517],[-71.9903,61.6764],[-72.3033,61.5672],[-71.9803,61.6],[-71.9581,61.7069],[-71.5717,61.6055],[-71.5494,61.5589],[-71.855,61.5305],[-71.7469,61.4658],[-71.8878,61.4308],[-71.5853,61.4067],[-71.8228,61.3728],[-71.6644,61.3278],[-71.7258,61.2858],[-71.5989,61.2542],[-71.5783,61.1553],[-71.4733,61.223],[-71.37,61.1186],[-71.2158,61.1678],[-70.5475,61.0075],[-70.4136,61.0867],[-70.1461,61.0847],[-70.0858,60.955],[-70.1478,60.88],[-69.9275,60.8078],[-69.757,60.9189],[-69.6586,60.8769],[-69.6567,61.0536],[-69.5144,61.0694],[-69.3686,60.8111],[-69.7161,60.6828],[-69.657,60.5747],[-69.8261,60.5256],[-69.73,60.405],[-69.7681,60.3122],[-69.6064,60.2328],[-69.6247,60.0675],[-69.8419,60.063],[-69.794,59.9894],[-71.0306,60.0619],[-70.567,59.9686],[-69.7269,59.9636],[-69.7592,59.9025],[-69.5628,59.868],[-69.6122,59.7844],[-69.5458,59.7636],[-69.6542,59.6978],[-69.5194,59.653],[-69.7483,59.51],[-69.6314,59.375],[-69.7583,59.3203],[-69.4125,59.355],[-69.2497,59.3236],[-69.235,59.2394],[-69.5403,59.1664],[-69.3442,59.0911],[-69.4397,59.0228],[-69.507,59.0697],[-69.4542,58.8922],[-69.5475,58.808],[-69.6708,58.7922],[-69.6717,58.9305],[-69.8692,59.0531],[-69.8956,58.9578],[-69.8072,58.9319],[-69.7975,58.8289],[-69.8984,58.8733],[-70.25,58.7697],[-69.9197,58.7739],[-69.925,58.6925],[-69.7983,58.7047],[-69.8767,58.6436],[-69.813,58.5892],[-69.608,58.7547],[-69.13,58.9017],[-68.7631,58.9211],[-68.3558,58.7744],[-68.3483,58.6006],[-68.1936,58.5408],[-68.3442,58.1275],[-68.9647,57.9592],[-69.369,57.7653],[-68.9514,57.9386],[-68.4042,58.0397],[-68.2306,58.2555],[-68.1714,58.49],[-68.0033,58.5764],[-67.8961,58.5005],[-67.8558,58.315],[-68.1283,58.0736],[-67.8617,58.2322],[-67.7319,58.4619],[-67.6675,58.4275],[-67.7308,58.2836],[-67.6428,58.2486],[-67.7031,58.1619],[-67.6717,58.0708],[-67.7358,57.9664],[-67.7097,57.9233],[-67.6536,58.1228],[-67.4814,58.2739],[-67.0906,58.3506],[-66.9442,58.5019],[-66.8467,58.4267],[-66.8044,58.4939],[-66.6186,58.4878],[-66.6694,58.5319],[-66.5992,58.6733],[-66.4589,58.7217],[-66.465,58.82],[-66.35,58.843],[-65.9358,58.6047],[-66.0656,58.3203],[-65.8286,58.5728],[-66.1039,58.7736],[-66.0225,58.8617],[-65.7975,58.8475],[-65.9908,58.8997],[-65.8508,58.9464],[-65.8808,59.0106],[-65.678,58.9269],[-65.7775,59.03],[-65.5,58.9833],[-65.5822,59.0497],[-65.3175,59.0414],[-65.6381,59.0694],[-65.715,59.1483],[-65.7431,59.2658],[-65.5914,59.188],[-65.6108,59.2531],[-65.4925,59.255],[-65.5708,59.378],[-65.3572,59.2772],[-65.445,59.3514],[-65.3831,59.4017],[-65.5422,59.49],[-64.9833,59.3764],[-65.4117,59.5094],[-65.5436,59.7364],[-65.3339,59.8472],[-64.9839,59.7628],[-65.2319,59.8858],[-65.0667,59.9344],[-65.1247,60.0425],[-64.8742,60.2058],[-64.9553,60.2558],[-64.8356,60.3633],[-64.5348,60.3026],[-64.8539,60.2617],[-64.5989,60.1111],[-64.9064,60.0481],[-64.8478,59.9642],[-64.6536,59.93],[-64.8142,59.8189],[-64.8269,59.5311],[-64.7008,59.4458],[-64.3403,59.4964],[-64.5,59.433],[-64.5347,59.1975],[-64.2914,59.0167],[-64.4158,58.9811],[-64.72,59.07],[-64.8789,58.9275],[-64.3003,58.8825],[-64.1561,58.7453],[-63.7667,58.8741],[-63.4805,58.7486],[-64.0511,58.6761],[-64.0842,58.5555],[-63.887,58.563],[-63.8195,58.4714],[-64.1564,58.3483],[-64.432,58.0861],[-64.2086,58.0333],[-64.0575,57.7694],[-63.9267,57.7972],[-63.7005,57.6628],[-63.5958,57.7342],[-63.765,57.5739],[-63.7097,57.3725],[-63.8761,57.2428],[-63.7411,57.2328],[-63.8736,57.0664],[-63.8714,56.878],[-64.1294,56.7103],[-63.8714,56.4394],[-64.1697,56.4278],[-64.1367,56.3036],[-63.8769,56.2172],[-64.0108,56.16],[-64.0203,56.0764],[-63.8478,56.1203],[-63.88,56.0769],[-63.7908,56.0392],[-63.445,56.0228],[-63.6942,55.9422],[-63.7153,55.8592],[-63.4481,55.5994],[-63.1442,55.5264],[-63.1764,55.4194],[-63.0958,55.35],[-63.5195,55.1836],[-63.5661,55.0603],[-63.4353,54.9736],[-63.6692,54.6122],[-64.3256,54.7519],[-65.69,54.7133],[-65.8583,54.9078],[-66.24,54.9919],[-66.7786,55.3389],[-66.8442,55.3261],[-66.6889,55.2042],[-66.7658,55.1055],[-66.6598,54.978],[-66.7328,54.9483],[-66.605,54.7908],[-66.6986,54.7422],[-66.947,54.8017],[-67.2978,55.008],[-67.2739,55.0667],[-67.4283,55.0711],[-67.2139,54.6689],[-67.0364,54.6217],[-67.2195,54.6075],[-67.3056,54.5042],[-67.6014,54.5664],[-67.5958,54.3653],[-67.485,54.2342],[-67.782,54.0639],[-67.4306,53.7783],[-67.4919,53.6039],[-67.142,53.5422],[-67.0678,53.3842],[-66.91,53.3403],[-66.9794,53.0278],[-67.0781,52.948],[-67.0675,52.6994],[-66.8914,52.6733],[-66.8747,52.7478],[-66.8133,52.6641],[-66.6681,52.7258],[-66.6481,52.9458],[-66.5253,52.9433],[-66.4769,53.0342],[-66.3456,52.9742],[-66.2697,52.8775],[-66.3789,52.8361],[-66.3283,52.7369],[-66.4339,52.7064],[-66.3736,52.5425],[-66.4467,52.5308],[-66.358,52.4067],[-66.4867,52.3125],[-66.4389,52.2008],[-66.3356,52.1364],[-66.2756,52.3117],[-66.0681,52.2164],[-66.0639,52.1183],[-65.8017,52.0428],[-65.7586,52.1114],[-65.5672,52.0467],[-65.4536,52.2081],[-65.1086,52.1708],[-64.8533,52.0219],[-64.8458,51.9308],[-64.5878,51.8289],[-64.7181,51.7478],[-64.5811,51.5578],[-64.2642,51.7397],[-64.3572,51.8506],[-64.3308,51.9653],[-64.2578,52.128],[-64.1158,52.1514],[-64.0817,52.3725],[-64.2089,52.5489],[-64.1725,52.8508],[-63.96,52.8678],[-63.9236,53.0772],[-63.6933,53.1136],[-63.5419,52.9708],[-63.5958,52.7708],[-63.3778,52.6508],[-63.8397,52.618],[-64.0817,52.4705],[-63.9303,52.4178],[-64.0131,52.3872],[-63.9413,52.264],[-63.6553,52.1244],[-63.6378,52.04],[-63.8247,52.0705],[-63.7511,51.9997],[-57.1011,52.0],[-57.1042,51.4127]]]]}},
{"type":"Feature","properties":{"name":"Newfoundland and Labrador","cartodb_id":5,"created_at":"2014-10-16T13:22:00Z","updated_at":"2014-10-16T13:22:00Z"},"geometry":{"type":"MultiPolygon","coordinates":[[[[-55.9717,53.4458],[-55.7294,53.4503],[-55.8014,53.3925],[-55.9717,53.4458]]],[[[-55.4669,50.7842],[-55.5575,50.7014],[-55.653,50.7272],[-55.6192,50.7914],[-55.4669,50.7842]]],[[[-54.0811,49.7364],[-53.9817,49.6494],[-54.2933,49.5806],[-54.2828,49.7167],[-54.1919,49.675],[-54.0811,49.7364]]],[[[-54.5297,49.6339],[-54.5767,49.5586],[-54.8719,49.4875],[-54.8075,49.5172],[-54.8919,49.5905],[-54.7439,49.545],[-54.5297,49.6339]]],[[[-53.6897,48.1472],[-53.5097,48.1983],[-53.5308,48.0978],[-53.6342,48.0753],[-53.8561,48.098],[-53.9358,48.1825],[-53.6897,48.1472]]],[[[-56.1136,47.6447],[-55.93,47.6394],[-55.8764,47.6117],[-56.1136,47.6447]]],[[[-54.1353,47.668],[-54.2433,47.3994],[-54.3644,47.4067],[-54.1353,47.668]]],[[[-64.4236,60.2825],[-64.7903,60.3911],[-64.8675,60.4503],[-64.64,60.4847],[-64.5322,60.3742],[-64.4269,60.4014],[-64.4783,60.3344],[-64.4236,60.2825]]],[[[-64.5348,60.3026],[-64.3842,60.2383],[-64.6131,60.2894],[-64.7595,60.2311],[-64.5542,60.2628],[-64.4633,60.2269],[-64.5628,60.1731],[-64.4056,60.2203],[-64.3769,60.1605],[-64.8275,59.9864],[-64.3739,60.1236],[-64.3892,60.0142],[-64.5886,60.0019],[-64.3981,59.9717],[-64.4994,59.8917],[-64.2244,59.9953],[-64.3147,60.0514],[-64.1736,60.0283],[-64.2944,59.9486],[-64.1864,59.9197],[-64.2597,59.8722],[-64.1261,59.8961],[-64.255,59.7567],[-64.1639,59.6842],[-63.9239,59.6536],[-64.0475,59.6353],[-64.1225,59.5197],[-63.9972,59.6267],[-63.8636,59.6017],[-63.98,59.5053],[-63.8714,59.5664],[-63.7225,59.5139],[-63.7997,59.4167],[-64.0622,59.3825],[-63.7117,59.3653],[-63.8058,59.2403],[-63.65,59.3625],[-63.5431,59.348],[-63.6053,59.2097],[-63.38,59.2839],[-63.4508,59.2408],[-63.3667,59.1864],[-63.4256,59.1264],[-63.9344,59.0811],[-64.0472,59.0194],[-63.8989,59.0567],[-63.8683,58.9533],[-63.8692,59.0317],[-63.3728,59.1011],[-63.125,59.0553],[-63.3361,59.025],[-63.225,59.0014],[-63.3042,58.9425],[-63.1731,58.9797],[-63.2264,58.9397],[-63.1605,58.9264],[-63.325,58.8558],[-62.995,58.8856],[-63.0533,58.8592],[-62.9053,58.79],[-63.0408,58.7078],[-62.8678,58.7114],[-62.9158,58.6003],[-63.1692,58.5031],[-63.44,58.5183],[-63.5242,58.4708],[-63.3433,58.4561],[-63.5894,58.3008],[-63.2647,58.4631],[-63.0897,58.4583],[-63.1519,58.3739],[-63.0505,58.4503],[-62.5564,58.478],[-62.6506,58.4083],[-62.6231,58.3044],[-62.8586,58.2625],[-62.9053,58.21],[-62.6586,58.2703],[-62.5828,58.2169],[-63.0747,58.1514],[-63.0122,58.1356],[-63.3408,57.98],[-62.8381,58.145],[-62.4528,58.1753],[-62.5064,58.0553],[-62.3689,58.1117],[-62.4264,58.0814],[-62.3097,58.0286],[-62.6728,57.93],[-62.457,57.9675],[-62.4086,57.8656],[-62.3422,57.9758],[-62.3336,57.9064],[-62.1275,57.968],[-62.0597,57.8978],[-62.138,57.8358],[-62.1208,57.8008],[-61.8831,57.6375],[-62.3356,57.4564],[-62.5453,57.5011],[-62.3653,57.4197],[-61.8914,57.4119],[-61.8031,57.3589],[-61.9197,57.3656],[-61.8639,57.2855],[-62.0158,57.243],[-61.7792,57.1483],[-61.6364,57.2325],[-61.6967,57.1539],[-61.3583,57.0875],[-61.3461,56.9511],[-61.4878,56.9817],[-61.64,56.8839],[-61.6614,56.8094],[-61.9064,56.7953],[-61.89,56.698],[-61.7025,56.7308],[-61.825,56.7067],[-61.6889,56.6172],[-62.4989,56.7797],[-62.0495,56.8325],[-62.5856,56.7928],[-61.9164,56.6203],[-62.2247,56.6092],[-61.6553,56.5339],[-62.1392,56.4447],[-61.9303,56.4375],[-61.5892,56.2872],[-62.0761,56.285],[-61.9194,56.2122],[-61.3508,56.2222],[-61.4105,56.1244],[-61.3375,56.1003],[-61.4522,56.0569],[-61.2375,56.0428],[-61.5036,56.0069],[-61.415,55.9603],[-61.1178,55.9661],[-61.0792,55.8931],[-61.2017,55.8842],[-61.1044,55.8455],[-60.7556,55.8494],[-60.7331,55.8025],[-60.9375,55.7272],[-60.6019,55.8147],[-60.6792,55.5639],[-60.5031,55.8031],[-60.34,55.7864],[-60.3717,55.6783],[-60.4939,55.658],[-60.5311,55.5972],[-60.3931,55.6011],[-60.4478,55.5003],[-60.3403,55.5789],[-60.3056,55.5242],[-60.4531,55.445],[-60.4783,55.3475],[-60.3317,55.4867],[-60.3572,55.4286],[-60.2686,55.5025],[-60.1967,55.4222],[-60.3547,55.395],[-60.6125,55.1667],[-60.348,55.2505],[-60.6833,54.995],[-60.16,55.2855],[-60.1944,55.1922],[-60.0214,55.2661],[-60.2939,55.0194],[-59.7792,55.3297],[-59.7325,55.1972],[-59.9628,55.1611],[-59.9636,55.1103],[-59.6389,55.1305],[-59.5058,55.2133],[-59.4272,55.14],[-59.7331,54.9675],[-59.9442,54.7497],[-59.7911,54.7855],[-59.757,54.8958],[-59.4022,55.028],[-59.1614,55.2369],[-59.1372,55.1544],[-59.3842,54.9733],[-59.0236,55.1567],[-58.9558,55.1008],[-59.0433,54.995],[-58.8942,54.9528],[-59.0136,54.8897],[-58.8839,54.9164],[-58.9167,54.8506],[-58.4047,54.7383],[-58.1967,54.7953],[-58.1733,54.7455],[-57.9986,54.7142],[-57.855,54.7375],[-57.3475,54.5794],[-57.4314,54.5503],[-57.3853,54.5033],[-57.7053,54.4669],[-57.4217,54.4536],[-57.6608,54.3769],[-58.1464,54.3653],[-58.262,54.3111],[-58.0958,54.3258],[-58.2339,54.2542],[-58.4464,54.2392],[-58.7247,54.1453],[-59.5756,54.0494],[-59.2761,54.0211],[-58.6878,54.1247],[-58.3794,54.23],[-58.6103,54.0417],[-59.0386,54.0269],[-58.9194,54.0108],[-59.4633,53.8306],[-60.1314,53.7772],[-60.0178,53.7042],[-60.0978,53.6836],[-60.0644,53.5603],[-60.1339,53.5283],[-60.875,53.8308],[-60.9181,53.7094],[-60.5372,53.6783],[-60.0481,53.4953],[-60.0381,53.4397],[-60.4058,53.3642],[-60.175,53.343],[-60.3981,53.2655],[-60.1139,53.2703],[-60.1478,53.3267],[-59.785,53.4772],[-59.8931,53.5286],[-59.6058,53.5297],[-59.3022,53.6864],[-59.0742,53.683],[-59.0106,53.7467],[-59.0664,53.795],[-58.8417,53.9433],[-58.13,54.0969],[-57.7894,54.0686],[-58.1592,54.1358],[-58.3289,54.0894],[-58.4183,54.1397],[-58.3836,54.1897],[-57.4283,54.1825],[-57.1422,53.9347],[-57.2214,53.89],[-57.0764,53.8231],[-57.1336,53.8242],[-57.12,53.7411],[-57.55,53.5919],[-57.3167,53.5797],[-57.3722,53.4308],[-57.1361,53.5492],[-57.0147,53.7114],[-56.6003,53.7108],[-56.6158,53.7625],[-56.4647,53.7823],[-56.4217,53.7169],[-56.7256,53.6742],[-56.0272,53.5753],[-56.0086,53.5],[-56.2633,53.5403],[-55.9655,53.4092],[-56.0383,53.3675],[-55.808,53.3405],[-55.9111,53.3039],[-55.7458,53.2494],[-55.8419,53.2053],[-55.7542,53.135],[-55.9444,53.1125],[-55.9119,53.0283],[-56.1669,53.0294],[-55.8894,52.9692],[-55.8033,52.8394],[-56.16,52.7939],[-55.7386,52.6428],[-55.7944,52.593],[-56.1228,52.6511],[-55.975,52.6197],[-56.0478,52.5761],[-55.9994,52.5486],[-56.4969,52.5942],[-55.6456,52.4375],[-55.6419,52.3639],[-55.7992,52.3844],[-55.7825,52.3342],[-56.1953,52.4358],[-55.7081,52.2933],[-55.7919,52.2375],[-55.6183,52.2153],[-55.7767,52.2092],[-55.6889,52.1811],[-55.6897,52.1014],[-55.9592,52.0192],[-55.9153,51.9322],[-56.2097,51.7897],[-56.682,51.6422],[-56.9428,51.4275],[-57.1042,51.4127],[-57.1011,52.0],[-63.7511,51.9997],[-63.8247,52.0705],[-63.6378,52.04],[-63.6553,52.1244],[-63.9413,52.264],[-64.0131,52.3872],[-63.9303,52.4178],[-64.0817,52.4705],[-63.8397,52.618],[-63.3778,52.6508],[-63.5958,52.7708],[-63.5419,52.9708],[-63.6933,53.1136],[-63.9236,53.0772],[-63.96,52.8678],[-64.1725,52.8508],[-64.2089,52.5489],[-64.0817,52.3725],[-64.1158,52.1514],[-64.2578,52.128],[-64.3308,51.9653],[-64.3572,51.8506],[-64.2642,51.7397],[-64.5811,51.5578],[-64.7181,51.7478],[-64.5878,51.8289],[-64.8458,51.9308],[-64.8533,52.0219],[-65.1086,52.1708],[-65.4536,52.2081],[-65.5672,52.0467],[-65.7586,52.1114],[-65.8017,52.0428],[-66.0639,52.1183],[-66.0681,52.2164],[-66.2756,52.3117],[-66.3356,52.1364],[-66.4389,52.2008],[-66.4867,52.3125],[-66.358,52.4067],[-66.4467,52.5308],[-66.3736,52.5425],[-66.4339,52.7064],[-66.3283,52.7369],[-66.3789,52.8361],[-66.2697,52.8775],[-66.3456,52.9742],[-66.4769,53.0342],[-66.5253,52.9433],[-66.6481,52.9458],[-66.6681,52.7258],[-66.8133,52.6641],[-66.8747,52.7478],[-66.8914,52.6733],[-67.0675,52.6994],[-67.0781,52.948],[-66.9794,53.0278],[-66.91,53.3403],[-67.0678,53.3842],[-67.142,53.5422],[-67.4919,53.6039],[-67.4306,53.7783],[-67.782,54.0639],[-67.485,54.2342],[-67.5958,54.3653],[-67.6014,54.5664],[-67.3056,54.5042],[-67.2195,54.6075],[-67.0364,54.6217],[-67.2139,54.6689],[-67.4283,55.0711],[-67.2739,55.0667],[-67.2978,55.008],[-66.947,54.8017],[-66.6986,54.7422],[-66.605,54.7908],[-66.7328,54.9483],[-66.6598,54.978],[-66.7658,55.1055],[-66.6889,55.2042],[-66.8442,55.3261],[-66.7786,55.3389],[-66.24,54.9919],[-65.8583,54.9078],[-65.69,54.7133],[-64.3256,54.7519],[-63.6692,54.6122],[-63.4353,54.9736],[-63.5661,55.0603],[-63.5195,55.1836],[-63.0958,55.35],[-63.1764,55.4194],[-63.1442,55.5264],[-63.4481,55.5994],[-63.7153,55.8592],[-63.6942,55.9422],[-63.445,56.0228],[-63.7908,56.0392],[-63.88,56.0769],[-63.8478,56.1203],[-64.0203,56.0764],[-64.0108,56.16],[-63.8769,56.2172],[-64.1367,56.3036],[-64.1697,56.4278],[-63.8714,56.4394],[-64.1294,56.7103],[-63.8714,56.878],[-63.8736,57.0664],[-63.7411,57.2328],[-63.8761,57.2428],[-63.7097,57.3725],[-63.765,57.5739],[-63.5958,57.7342],[-63.7005,57.6628],[-63.9267,57.7972],[-64.0575,57.7694],[-64.2086,58.0333],[-64.432,58.0861],[-64.1564,58.3483],[-63.8195,58.4714],[-63.887,58.563],[-64.0842,58.5555],[-64.0511,58.6761],[-63.4805,58.7486],[-63.7667,58.8741],[-64.1561,58.7453],[-64.3003,58.8825],[-64.8789,58.9275],[-64.72,59.07],[-64.4158,58.9811],[-64.2914,59.0167],[-64.5347,59.1975],[-64.5,59.433],[-64.3403,59.4964],[-64.7008,59.4458],[-64.8269,59.5311],[-64.8142,59.8189],[-64.6536,59.93],[-64.8478,59.9642],[-64.9064,60.0481],[-64.5989,60.1111],[-64.8539,60.2617],[-64.5348,60.3026]]],[[[-64.0478,59.8494],[-63.9972,59.7236],[-64.2045,59.7344],[-64.1219,59.8494],[-64.0478,59.8494]]],[[[-61.8844,57.8669],[-61.9475,57.7872],[-62.1094,57.8294],[-61.995,57.9092],[-61.8844,57.8669]]],[[[-61.6542,57.7711],[-61.6961,57.7122],[-61.8969,57.7583],[-61.7789,57.8453],[-61.6542,57.7711]]],[[[-61.9269,57.4525],[-62.0219,57.5211],[-61.975,57.5814],[-61.7814,57.5481],[-61.9269,57.4525]]],[[[-61.6439,57.5228],[-61.8264,57.4308],[-61.6483,57.3936],[-61.9003,57.4375],[-61.6439,57.5228]]],[[[-61.3553,56.9108],[-61.5856,56.7664],[-61.3861,56.7758],[-61.3908,56.6189],[-61.6445,56.7344],[-61.6319,56.8597],[-61.5228,56.9419],[-61.3553,56.9108]]],[[[-61.558,56.5519],[-61.1745,56.4766],[-61.2242,56.4508],[-61.1489,56.4411],[-61.6305,56.4653],[-61.4178,56.4833],[-61.6333,56.5064],[-61.558,56.5519]]],[[[-61.5467,56.3908],[-61.4161,56.3222],[-61.7961,56.4131],[-61.5467,56.3908]]],[[[-61.0892,56.17],[-60.9444,56.095],[-61.0092,56.0353],[-60.9347,56.0114],[-61.2208,56.0508],[-61.0892,56.17]]],[[[-60.865,55.9528],[-60.6864,55.9219],[-60.7564,55.8803],[-60.9022,55.8714],[-60.8153,55.8858],[-60.865,55.9528]]],[[[-57.9408,54.9119],[-57.9839,54.8022],[-57.8417,54.8125],[-58.1392,54.7572],[-58.2247,54.8353],[-57.9408,54.9119]]],[[[-55.8769,50.8628],[-56.0972,50.7169],[-56.1039,50.8983],[-56.1553,50.8856],[-56.1081,50.6519],[-56.3217,50.5239],[-56.2586,50.5028],[-56.4047,50.3744],[-56.5017,50.3828],[-56.4231,50.3528],[-56.4625,50.2722],[-56.6706,50.1292],[-56.76,49.8364],[-56.9064,49.7469],[-56.7814,49.7272],[-56.8575,49.5456],[-56.1167,50.153],[-56.0628,50.0717],[-56.1883,49.9239],[-55.9622,50.0353],[-55.7461,49.9231],[-55.4917,50.0073],[-55.4597,49.9575],[-56.0028,49.7481],[-56.1722,49.5792],[-55.8333,49.6866],[-56.1292,49.4255],[-55.8278,49.5242],[-55.7208,49.4758],[-55.78,49.4425],[-55.6742,49.4661],[-55.6644,49.3819],[-55.5231,49.4867],[-55.5667,49.3628],[-55.3695,49.5033],[-55.4317,49.4225],[-55.3164,49.4517],[-55.4442,49.355],[-55.2931,49.4011],[-55.3386,49.3553],[-55.3044,49.3117],[-55.2336,49.3944],[-55.3111,49.53],[-55.1372,49.5408],[-55.3833,49.0408],[-55.1828,49.1203],[-55.2722,49.1],[-55.2881,49.1872],[-55.0586,49.2844],[-55.0781,49.3569],[-54.99,49.2869],[-55.0417,49.2242],[-54.8717,49.2933],[-54.848,49.4103],[-54.8245,49.2692],[-54.4472,49.543],[-54.5303,49.445],[-54.432,49.4708],[-54.487,49.2597],[-54.3581,49.4269],[-54.2197,49.4172],[-54.2289,49.3611],[-54.0417,49.4808],[-53.4556,49.2519],[-53.62,49.1175],[-53.5939,49.0355],[-53.8353,49.0325],[-53.7253,49.0097],[-53.8889,48.9828],[-53.8131,48.9253],[-53.9747,48.8914],[-53.8839,48.8867],[-53.9808,48.8289],[-54.1781,48.8008],[-53.9983,48.7619],[-53.9342,48.8303],[-53.8206,48.8294],[-53.9133,48.7981],[-53.8436,48.7725],[-53.8906,48.7336],[-54.0225,48.7408],[-53.9378,48.7225],[-53.9325,48.6247],[-53.79,48.68],[-53.9245,48.6714],[-53.832,48.7494],[-53.7222,48.655],[-53.5997,48.685],[-53.9525,48.5394],[-53.7153,48.5597],[-53.7894,48.543],[-53.7508,48.5078],[-54.1639,48.383],[-53.8417,48.4708],[-53.8844,48.383],[-53.8342,48.3717],[-53.6472,48.5411],[-53.7253,48.4261],[-53.5864,48.5253],[-53.6089,48.4075],[-53.4245,48.6255],[-53.24,48.5233],[-53.0728,48.7003],[-52.9764,48.5992],[-53.1942,48.3486],[-53.3522,48.3853],[-53.3789,48.278],[-53.6622,48.1633],[-53.9406,48.2308],[-53.944,48.1635],[-53.9125,48.0842],[-53.6644,48.0642],[-53.9192,48.0225],[-53.6058,48.0464],[-53.6928,47.8994],[-53.7881,47.9005],[-53.7217,47.8494],[-53.7933,47.7686],[-53.9303,47.8492],[-53.7603,47.61],[-53.665,47.6742],[-53.6667,47.5217],[-53.5453,47.5344],[-53.4611,47.8067],[-53.2908,47.9994],[-53.0533,48.0497],[-52.9197,48.1692],[-52.8328,48.0969],[-52.9175,48.0847],[-53.2672,47.6061],[-53.1697,47.5975],[-53.2617,47.5464],[-53.1858,47.5544],[-53.1997,47.4383],[-53.1219,47.4133],[-52.8969,47.5586],[-52.7794,47.8031],[-52.6203,47.5003],[-52.9344,47.0869],[-52.8528,47.0225],[-52.9383,46.7892],[-53.0908,46.6433],[-53.2072,46.6303],[-53.2669,46.7339],[-53.3878,46.6819],[-53.362,46.7375],[-53.6178,46.6442],[-53.6442,46.7092],[-53.4819,46.8972],[-53.6481,46.7967],[-53.5122,46.9556],[-53.6417,46.9839],[-53.4992,47.1239],[-53.5594,47.2028],[-53.9508,46.8539],[-54.19,46.8236],[-54.0122,47.2286],[-53.9317,47.2233],[-53.9975,47.3103],[-53.8039,47.4269],[-53.9242,47.4514],[-53.8856,47.5769],[-54.0064,47.8192],[-54.2633,47.9011],[-54.2128,47.7778],[-54.4603,47.4947],[-54.4033,47.4505],[-54.6133,47.3628],[-54.4183,47.6036],[-54.6214,47.39],[-54.8186,47.3636],[-54.8311,47.4211],[-55.0439,47.2208],[-55.0122,47.1728],[-55.1342,47.1669],[-55.0695,47.0822],[-55.1547,47.008],[-55.1992,47.0705],[-55.2303,46.9283],[-55.3842,46.8658],[-55.5253,46.9397],[-55.7408,46.85],[-55.9831,46.9525],[-55.8656,47.0728],[-55.4878,47.1372],[-55.1964,47.4494],[-54.6972,47.6647],[-55.0797,47.59],[-54.9361,47.7817],[-55.1192,47.5769],[-55.13,47.6619],[-55.3639,47.6492],[-55.3575,47.7261],[-55.4275,47.7117],[-55.4067,47.493],[-55.5878,47.3986],[-55.6642,47.4369],[-55.6283,47.5414],[-55.9256,47.4392],[-55.7458,47.5853],[-56.1692,47.4925],[-55.6283,47.6747],[-55.9175,47.6575],[-55.7736,47.9569],[-55.8544,47.7947],[-56.0547,47.6955],[-56.1569,47.8322],[-56.1614,47.6342],[-56.2995,47.6225],[-56.3094,47.7486],[-56.3453,47.6083],[-56.6789,47.5744],[-56.7567,47.6294],[-56.7064,47.5655],[-56.7794,47.5267],[-57.1261,47.5639],[-57.1714,47.6325],[-57.7706,47.6142],[-57.9164,47.6486],[-57.8842,47.6967],[-58.3539,47.6436],[-58.2722,47.7517],[-58.4306,47.633],[-59.1189,47.5547],[-59.3044,47.61],[-59.2808,47.7517],[-59.4008,47.9067],[-58.5878,48.4305],[-58.2656,48.5175],[-58.6825,48.555],[-59.2469,48.4667],[-59.2289,48.5292],[-58.7747,48.7789],[-58.9586,48.6139],[-58.8969,48.5519],[-58.848,48.635],[-58.7094,48.5708],[-58.3519,49.1503],[-58.36,49.0569],[-58.1719,49.0619],[-58.0603,48.9761],[-57.9614,48.9567],[-57.8922,48.9817],[-58.0092,48.9804],[-58.1445,49.1219],[-57.9256,49.1231],[-57.8494,49.1819],[-58.0911,49.1508],[-57.9281,49.2403],[-58.2008,49.2397],[-58.2233,49.3903],[-57.9983,49.5592],[-57.8805,49.4281],[-57.8631,49.5069],[-57.6964,49.4636],[-57.8775,49.5283],[-57.9483,49.6742],[-57.3725,50.5908],[-57.1508,50.6161],[-57.3981,50.6925],[-57.0894,50.7805],[-56.9275,50.9158],[-57.0892,51.02],[-56.9022,51.0133],[-56.9789,51.0503],[-56.7845,51.1378],[-56.7939,51.24],[-56.6889,51.3369],[-55.8903,51.6294],[-55.8228,51.6186],[-55.8778,51.4922],[-55.6203,51.4728],[-55.7392,51.5567],[-55.6175,51.6103],[-55.4044,51.5719],[-55.5331,51.5008],[-55.4525,51.4608],[-55.5978,51.3036],[-56.0856,51.3683],[-56.0103,51.2703],[-56.0753,51.2272],[-55.965,51.153],[-55.8378,51.2305],[-55.71,51.1736],[-55.8769,50.8628]]]]}},
{"type":"Feature","properties":{"name":"British Columbia","cartodb_id":6,"created_at":"2014-10-16T13:22:00Z","updated_at":"2014-10-16T13:22:00Z"},"geometry":{"type":"MultiPolygon","coordinates":[[[[-131.0771,52.1501],[-130.9481,52.0936],[-131.07,52.0722],[-130.9855,52.0122],[-131.0417,52.0225],[-131.0217,51.9408],[-131.1103,51.9992],[-131.0771,52.1501]]],[[[-130.165,55.0142],[-130.2703,54.8308],[-130.3992,54.7647],[-130.4594,54.8175],[-130.165,55.0142]]],[[[-130.4586,54.8003],[-130.4633,54.7086],[-130.6105,54.7531],[-130.4586,54.8003]]],[[[-130.7469,54.6153],[-130.7608,54.5547],[-130.965,54.4569],[-130.9256,54.6194],[-130.7469,54.6153]]],[[[-132.8806,53.6003],[-133.0078,53.6764],[-132.9253,53.6903],[-132.9728,53.7639],[-133.1092,53.7869],[-133.0672,54.1739],[-132.5753,54.1156],[-132.6589,53.9394],[-132.4097,54.0986],[-132.2906,54.1106],[-132.1625,54.0053],[-132.1111,53.8783],[-132.225,53.7803],[-132.6633,53.6794],[-132.5992,53.6267],[-132.3503,53.6683],[-132.4683,53.5708],[-132.1556,53.6997],[-132.19,53.7831],[-132.0794,53.8894],[-132.1775,54.0406],[-131.9711,54.0253],[-131.6559,54.1597],[-131.9333,53.6153],[-131.9111,53.3517],[-131.9822,53.2517],[-132.2728,53.2103],[-132.1244,53.1941],[-132.187,53.1605],[-132.4994,53.1592],[-132.7031,53.2578],[-132.537,53.3211],[-132.7528,53.3161],[-132.6975,53.3769],[-132.4003,53.3308],[-132.6606,53.4894],[-132.7528,53.4575],[-132.7436,53.5155],[-132.8675,53.4636],[-132.8236,53.5169],[-132.9941,53.5878],[-132.8806,53.6003]]],[[[-130.3361,54.0675],[-130.2289,53.9647],[-130.3445,53.8353],[-130.4975,53.8736],[-130.3492,53.9972],[-130.4825,53.8936],[-130.667,53.9639],[-130.618,53.8572],[-130.7103,53.8564],[-130.6617,53.9908],[-130.3361,54.0675]]],[[[-129.48,53.2492],[-129.5725,53.2092],[-129.6603,53.3425],[-129.8072,53.3842],[-129.9117,53.6114],[-130.0564,53.6039],[-129.8744,53.6389],[-130.0839,53.6411],[-130.2664,53.8814],[-130.0309,53.8453],[-129.5236,53.4967],[-129.6356,53.4805],[-129.4253,53.4308],[-129.4536,53.2967],[-129.5164,53.3022],[-129.48,53.2492]]],[[[-130.2719,53.7978],[-130.1194,53.6866],[-130.0911,53.5694],[-130.4034,53.6825],[-130.2719,53.7978]]],[[[-128.8236,53.7005],[-128.8716,53.5722],[-128.9864,53.5808],[-129.1631,53.3822],[-129.1531,53.6386],[-128.8236,53.7005]]],[[[-130.5084,53.6319],[-129.9206,53.4242],[-129.7425,53.1783],[-129.9317,53.158],[-130.412,53.4933],[-130.3339,53.515],[-130.5272,53.5522],[-130.5084,53.6319]]],[[[-128.9855,53.523],[-128.9181,53.3314],[-129.1222,53.318],[-129.1345,53.3839],[-128.9855,53.523]]],[[[-129.1686,53.2961],[-129.1319,53.1136],[-129.275,53.0844],[-129.3383,53.185],[-129.2739,53.328],[-129.1686,53.2961]]],[[[-128.5936,52.6592],[-128.7517,52.6008],[-128.6534,52.9667],[-128.7428,52.9144],[-128.7661,52.6617],[-128.8925,52.6489],[-129.0803,52.7725],[-129.12,52.8692],[-129.017,52.8444],[-129.0683,52.89],[-128.8364,53.0355],[-129.0117,53.1397],[-128.8622,53.0342],[-129.0692,52.9039],[-129.1658,52.9231],[-129.188,53.0242],[-129.0733,53.1092],[-129.0861,53.2936],[-128.8914,53.2878],[-128.6056,53.1453],[-128.5178,52.9275],[-128.5936,52.6592]]],[[[-131.1803,52.2283],[-131.0247,52.1781],[-131.137,52.2097],[-131.1897,52.1219],[-131.2772,52.2408],[-131.2708,52.1208],[-131.5511,52.3239],[-131.5806,52.3905],[-131.5106,52.4089],[-132.0819,52.7275],[-131.9686,52.7261],[-132.0025,52.7769],[-131.9175,52.7225],[-131.9517,52.7811],[-132.0772,52.8544],[-132.1275,52.7508],[-132.343,52.9422],[-132.1711,52.9236],[-132.1128,52.9978],[-132.4797,53.0272],[-132.5622,53.1453],[-132.0708,53.1539],[-131.7945,53.2514],[-131.7842,53.1647],[-131.5947,53.0353],[-131.9989,53.0514],[-131.917,52.9847],[-131.8478,53.043],[-131.6447,53.0039],[-131.6117,52.9261],[-131.8022,52.8647],[-131.8983,52.9411],[-131.9825,52.8797],[-131.6492,52.8005],[-131.8511,52.7661],[-131.8378,52.7108],[-131.7269,52.6955],[-131.6153,52.5689],[-131.6606,52.5389],[-131.4675,52.5014],[-131.3972,52.3531],[-131.2364,52.4392],[-131.2631,52.3428],[-131.3589,52.3436],[-131.3283,52.285],[-131.1364,52.3114],[-131.0894,52.2492],[-131.1803,52.2283]]],[[[-129.4628,53.18],[-129.313,53.0575],[-129.2895,52.9719],[-129.5447,53.1283],[-129.4628,53.18]]],[[[-128.4989,52.8708],[-128.4508,52.8053],[-128.5125,52.6411],[-128.54,52.7033],[-128.4989,52.8708]]],[[[-128.1703,52.8178],[-128.2472,52.6205],[-128.2845,52.5986],[-128.325,52.7761],[-128.1703,52.8178]]],[[[-129.2311,52.8161],[-128.9233,52.6067],[-128.9436,52.4697],[-129.2706,52.7192],[-129.2311,52.8161]]],[[[-128.3733,52.7911],[-128.275,52.49],[-128.4417,52.368],[-128.4417,52.7469],[-128.3733,52.7911]]],[[[-131.4689,52.7305],[-131.4583,52.6308],[-131.5905,52.6625],[-131.5855,52.5853],[-131.7097,52.7053],[-131.4689,52.7305]]],[[[-128.5353,52.6472],[-128.4869,52.4372],[-128.813,52.52],[-128.697,52.5208],[-128.7389,52.5875],[-128.5353,52.6472]]],[[[-128.6161,52.4486],[-128.6178,52.33],[-128.6756,52.2664],[-128.7592,52.4494],[-128.6161,52.4486]]],[[[-127.5963,52.1518],[-127.7175,51.9803],[-127.8797,51.945],[-127.7892,52.2219],[-127.2347,52.4169],[-127.2322,52.313],[-127.5963,52.1518]]],[[[-128.1147,52.4183],[-128.0567,52.3289],[-128.2136,52.2797],[-128.1147,52.4183]]],[[[-127.9619,52.2894],[-127.9247,52.1742],[-128.17,52.2497],[-128.0478,52.3005],[-127.9619,52.2894]]],[[[-128.1481,52.1833],[-128.1511,52.0811],[-128.2531,52.0197],[-128.2917,52.1189],[-128.1481,52.1833]]],[[[-128.1058,52.1003],[-127.8792,52.1667],[-127.9628,52.0747],[-128.1058,52.1003]]],[[[-127.9512,52.0469],[-128.0186,51.7703],[-128.1319,51.7439],[-128.1328,51.8553],[-128.2545,51.8658],[-128.1453,52.0386],[-127.9512,52.0469]]],[[[-127.998,51.7117],[-127.8736,51.4644],[-127.9144,51.4108],[-128.0811,51.4747],[-128.1531,51.6017],[-127.998,51.7117]]],[[[-127.1211,49.8523],[-127.2414,49.9619],[-127.0903,50.1419],[-127.1725,50.0919],[-127.2925,50.1464],[-127.2775,50.0553],[-127.3805,50.0261],[-127.485,50.128],[-127.4286,50.1803],[-127.5969,50.1156],[-127.6508,50.1755],[-127.7881,50.0817],[-127.907,50.1208],[-127.745,50.2419],[-127.9786,50.3425],[-127.9239,50.4628],[-127.5842,50.4869],[-127.447,50.3728],[-127.57,50.5122],[-127.4194,50.5967],[-127.8733,50.6239],[-127.5956,50.5367],[-128.0514,50.4467],[-128.2242,50.5311],[-128.4167,50.7692],[-127.9097,50.8714],[-126.8525,50.5233],[-125.4317,50.3106],[-125.3683,50.1253],[-125.1686,49.9128],[-124.8664,49.7111],[-124.9772,49.6686],[-124.7894,49.4642],[-123.9578,49.2283],[-123.7494,49.0353],[-123.8311,48.9972],[-123.5828,48.8319],[-123.5675,48.7444],[-123.6481,48.7503],[-123.5381,48.6917],[-123.535,48.53],[-123.4011,48.6814],[-123.2761,48.4511],[-123.3364,48.3969],[-123.443,48.4433],[-123.5833,48.3011],[-125.1139,48.7311],[-125.185,48.8008],[-124.8428,49.0155],[-124.7808,49.1314],[-124.8078,49.2406],[-124.9061,49.0019],[-125.2419,48.9517],[-125.3414,49.0361],[-125.4836,48.9158],[-125.8769,49.0883],[-125.6058,49.2103],[-125.7533,49.1475],[-125.7769,49.3658],[-125.8464,49.2582],[-126.0233,49.2681],[-125.9047,49.4358],[-126.002,49.3219],[-126.0528,49.4461],[-126.2586,49.4455],[-126.297,49.3578],[-126.4225,49.4703],[-126.4661,49.3803],[-126.5778,49.4078],[-126.5661,49.5844],[-126.1031,49.6792],[-126.4383,49.6641],[-126.4564,49.7883],[-126.585,49.7011],[-126.6456,49.8928],[-126.8295,49.9647],[-126.8456,49.8822],[-126.9147,49.9658],[-126.9394,49.8628],[-127.1211,49.8523]]],[[[-126.7978,50.7689],[-126.9058,50.8228],[-126.563,50.8],[-126.7978,50.7689]]],[[[-126.2517,50.8189],[-126.1767,50.7439],[-126.2664,50.6547],[-126.6175,50.665],[-126.2517,50.8189]]],[[[-126.3364,50.5217],[-126.6239,50.5339],[-126.2247,50.5567],[-126.3364,50.5217]]],[[[-125.3708,50.4558],[-125.3858,50.3697],[-125.5369,50.3792],[-125.3708,50.4558]]],[[[-125.2731,50.4311],[-125.0519,50.2266],[-125.1339,50.1228],[-125.1269,50.2194],[-125.2136,50.3167],[-125.3931,50.2958],[-125.2731,50.4311]]],[[[-124.8986,50.2939],[-124.7567,50.1783],[-124.807,50.1139],[-124.9631,50.2364],[-124.8986,50.2939]]],[[[-125.3455,50.2639],[-125.2547,50.2936],[-125.1672,50.2136],[-125.2331,50.118],[-125.1678,49.9808],[-125.3455,50.2639]]],[[[-124.9833,50.2256],[-124.8911,50.068],[-124.9872,50.0128],[-125.067,50.1075],[-124.9833,50.2256]]],[[[-126.7687,49.8786],[-126.6361,49.7594],[-126.6331,49.5961],[-126.9742,49.7403],[-126.8558,49.7769],[-126.9703,49.8322],[-126.7687,49.8786]]],[[[-124.1228,49.4936],[-124.44,49.6125],[-124.6567,49.7969],[-124.3514,49.698],[-124.1228,49.4936]]],[[[-126.2347,49.3742],[-126.0728,49.343],[-126.0647,49.2508],[-126.2392,49.2897],[-126.2347,49.3742]]],[[[-123.6747,49.093],[-123.5217,48.9603],[-123.3125,48.868],[-123.53,48.938],[-123.6747,49.093]]],[[[-123.5772,48.9292],[-123.4339,48.8444],[-123.4945,48.8453],[-123.3717,48.7575],[-123.5247,48.7225],[-123.5772,48.9292]]],[[[-114.0353,49.0311],[-122.7603,48.9994],[-122.9,49.0872],[-123.0343,48.9994],[-123.1458,49.0586],[-123.0361,49.1497],[-123.205,49.1236],[-123.2033,49.1944],[-123.1272,49.1958],[-123.2489,49.2736],[-122.9236,49.2883],[-122.8528,49.4361],[-122.9531,49.3103],[-123.2692,49.3311],[-123.1597,49.6992],[-123.4925,49.5097],[-123.5356,49.3814],[-123.8961,49.4705],[-124.0681,49.6339],[-123.9406,49.7425],[-123.7697,49.5047],[-123.7592,49.6011],[-123.5342,49.7014],[-123.7967,49.6383],[-123.9314,49.7642],[-123.8728,49.8772],[-123.9597,49.9817],[-123.7445,50.0869],[-123.8214,50.1522],[-123.985,50.2161],[-123.8092,50.1],[-123.9992,50.0064],[-123.9264,49.8258],[-124.0042,49.8106],[-124.0378,49.9225],[-124.0844,49.7992],[-124.2714,49.7428],[-124.5119,49.7961],[-124.7419,49.9583],[-124.8297,50.0619],[-124.6864,49.9844],[-124.7003,50.1083],[-124.6014,50.2389],[-124.715,50.3275],[-124.3478,50.5025],[-124.83,50.3094],[-124.96,50.3331],[-124.9947,50.4303],[-125.0783,50.3225],[-125.0567,50.4769],[-124.858,50.5905],[-124.8225,50.7236],[-124.9136,50.7936],[-124.7869,50.8844],[-124.85,50.9353],[-124.9833,50.8036],[-124.9036,50.62],[-125.1703,50.4125],[-125.3633,50.5414],[-125.5733,50.4589],[-125.4328,50.7139],[-125.7003,50.4281],[-125.8158,50.5342],[-125.9522,50.4689],[-126.275,50.5075],[-125.9403,50.6292],[-126.2739,50.6321],[-125.7042,50.6783],[-125.6111,50.7647],[-125.642,50.8533],[-125.5056,50.9333],[-125.6339,51.0969],[-125.5428,50.9325],[-125.6744,50.8669],[-125.6431,50.7839],[-125.9369,50.6814],[-126.2103,50.6653],[-126.0247,50.793],[-126.1814,50.7783],[-126.1772,50.868],[-126.5528,50.8347],[-126.4945,50.918],[-126.1703,50.9366],[-126.4636,50.948],[-126.5164,51.0705],[-126.5244,50.9375],[-126.6614,50.868],[-127.1764,50.9292],[-126.9175,50.8767],[-127.0225,50.8175],[-127.3986,50.9264],[-127.5353,51.0005],[-127.5028,51.0975],[-127.3308,51.0478],[-127.2361,51.0411],[-126.8486,51.0697],[-126.7117,51.0008],[-126.7431,51.0825],[-126.6528,51.15],[-127.2067,51.0564],[-127.79,51.1655],[-127.7619,51.2494],[-127.5656,51.293],[-127.3067,51.2805],[-127.1433,51.3183],[-127.1158,51.3917],[-127.2806,51.3011],[-127.7842,51.3331],[-127.5517,51.4683],[-127.5006,51.6136],[-126.6633,51.6489],[-126.6053,51.7131],[-126.6633,51.7972],[-126.693,51.6647],[-127.4258,51.6667],[-127.3511,51.8636],[-127.4744,51.705],[-127.6442,51.698],[-127.4622,51.6675],[-127.6403,51.4586],[-127.7547,51.48],[-127.6564,51.5089],[-127.7955,51.5261],[-127.8781,51.6739],[-127.8661,51.9],[-127.6678,51.9492],[-127.5803,52.1292],[-127.4625,52.1125],[-127.5844,52.0936],[-127.6203,52.0278],[-127.4114,52.0905],[-127.4531,52.18],[-127.1717,52.3125],[-127.005,52.3036],[-126.6694,51.9836],[-126.9408,52.3039],[-126.7367,52.378],[-127.1864,52.3808],[-127.2342,52.5172],[-126.9894,52.6319],[-126.9222,52.7189],[-126.9669,52.8286],[-127.0711,52.8839],[-126.9808,52.7244],[-127.2572,52.5458],[-127.2667,52.4642],[-127.6117,52.2947],[-127.7461,52.2767],[-127.7367,52.35],[-127.8583,52.2067],[-127.9286,52.3047],[-127.8417,52.365],[-127.9164,52.4458],[-127.8697,52.5061],[-127.9306,52.4344],[-127.89,52.385],[-127.9639,52.3217],[-128.0572,52.3947],[-127.8797,52.5797],[-128.0997,52.5031],[-128.305,52.2694],[-128.3939,52.2914],[-128.2244,52.4597],[-128.1281,52.8805],[-128.0253,52.9122],[-128.1392,52.9244],[-128.2353,52.8058],[-128.4411,52.8228],[-128.5542,53.1189],[-128.4814,53.1419],[-128.8589,53.2836],[-128.8892,53.4303],[-128.8294,53.4778],[-128.9233,53.4539],[-128.9728,53.5531],[-128.795,53.5686],[-128.4819,53.3397],[-128.5042,53.4078],[-128.3525,53.4758],[-128.1319,53.4489],[-128.0994,53.3364],[-128.0322,53.3675],[-127.9461,53.2522],[-127.8678,53.2397],[-128.1144,53.488],[-128.3803,53.4994],[-128.5175,53.4314],[-128.8167,53.6233],[-128.7706,53.7958],[-128.6431,53.863],[-128.4714,53.8325],[-128.6886,53.89],[-128.6092,54.0314],[-128.9319,53.7747],[-128.9047,53.8567],[-128.9439,53.81],[-128.9508,53.8786],[-129.0039,53.8933],[-128.9642,53.7822],[-129.0569,53.8119],[-129.0286,53.7486],[-129.2325,53.6258],[-129.2375,53.4336],[-129.3107,53.3795],[-130.1014,53.9467],[-130.0467,54.1533],[-129.9503,54.158],[-129.7189,53.9514],[-129.9297,54.183],[-129.6142,54.1789],[-129.47,54.2372],[-129.855,54.238],[-130.1228,54.1544],[-130.2786,54.2089],[-130.1956,54.26],[-130.2503,54.4008],[-130.3489,54.3269],[-130.4811,54.3647],[-130.3811,54.4581],[-130.4167,54.6303],[-130.063,54.34],[-129.9597,54.3269],[-130.0897,54.4028],[-129.9789,54.5169],[-130.1233,54.4275],[-130.3686,54.6678],[-130.1719,54.7036],[-130.0006,54.6147],[-129.8808,54.6147],[-130.2017,54.7269],[-130.0503,54.8869],[-130.1739,54.8467],[-130.032,54.9653],[-129.9744,54.915],[-129.6225,54.9978],[-129.9983,55.0181],[-129.6433,55.4342],[-129.4711,55.4728],[-129.637,55.4567],[-129.7083,55.41],[-129.812,55.6292],[-129.7728,55.4739],[-129.8394,55.3875],[-129.7825,55.3536],[-130.1136,54.9964],[-130.16,55.0861],[-129.9439,55.2822],[-130.1017,55.5564],[-130.0747,55.6725],[-130.1747,55.7544],[-130.0151,55.9092],[-130.0886,56.118],[-130.4142,56.1289],[-130.4619,56.2353],[-130.7744,56.3661],[-131.055,56.398],[-131.5578,56.6022],[-131.8242,56.5969],[-131.8614,56.7997],[-132.1031,56.8667],[-132.0275,57.0364],[-132.3369,57.0883],[-132.2267,57.2047],[-133.3611,58.2805],[-133.43,58.4592],[-133.8269,58.7261],[-134.2455,58.8569],[-134.4614,59.1267],[-134.9519,59.28],[-135.0917,59.4269],[-135.0145,59.5675],[-135.4736,59.8019],[-136.3439,59.6028],[-136.2339,59.5258],[-136.4636,59.4697],[-136.4628,59.2894],[-136.5839,59.1633],[-136.8089,59.1653],[-137.4655,58.9061],[-137.5908,59.2386],[-138.9386,59.9976],[-119.9829,59.9885],[-120.0008,53.808],[-119.7353,53.635],[-119.9322,53.6072],[-119.9025,53.5203],[-119.7381,53.395],[-119.3858,53.3617],[-119.2656,53.1967],[-119.0455,53.1378],[-118.9786,53.2372],[-118.7597,53.1247],[-118.7811,53.0558],[-118.67,53.0344],[-118.625,52.8842],[-118.4914,52.8978],[-118.3461,52.7433],[-118.2231,52.3656],[-118.0475,52.405],[-118.0056,52.4878],[-117.7547,52.4036],[-117.8297,52.2728],[-117.76,52.2008],[-117.6003,52.1305],[-117.3189,52.1819],[-117.27,52.045],[-117.0392,51.908],[-116.9192,51.7092],[-116.6589,51.7967],[-116.595,51.6575],[-116.305,51.4617],[-116.2622,51.3167],[-115.6186,50.9692],[-115.572,50.9033],[-115.6472,50.8547],[-115.3467,50.7322],[-115.2189,50.5469],[-115.017,50.575],[-114.7703,50.3583],[-114.6589,50.0653],[-114.6361,49.7278],[-114.7383,49.6086],[-114.5764,49.5561],[-114.5764,49.39],[-114.3728,49.2042],[-114.2253,49.1886],[-114.0353,49.0311]]]]}},
{"type":"Feature","properties":{"name":"Nunavut","cartodb_id":12,"created_at":"2014-10-16T13:22:00Z","updated_at":"2014-10-16T13:22:00Z"},"geometry":{"type":"MultiPolygon","coordinates":[[[[-109.4053,78.5569],[-109.255,78.4786],[-109.405,78.3064],[-109.9839,78.3255],[-109.9784,78.6711],[-109.4053,78.5569]]],[[[-109.5806,78.0583],[-109.7056,77.96],[-109.9872,77.924],[-109.9858,78.1011],[-109.5806,78.0583]]],[[[-108.6075,76.4105],[-108.3186,76.3942],[-108.0775,76.2797],[-108.2189,76.2589],[-108.0931,76.2142],[-108.3803,76.1653],[-108.4567,76.0992],[-108.3842,76.0866],[-108.4967,76.04],[-107.8383,76.0614],[-107.6325,75.9911],[-108.0203,75.7808],[-107.7394,75.8792],[-107.0642,75.8928],[-107.0981,75.823],[-106.9586,75.7919],[-107.0317,75.7711],[-106.8747,75.6442],[-106.8803,75.7658],[-106.6158,75.7972],[-106.8889,75.8347],[-106.8961,75.9411],[-106.6061,76.0577],[-105.6683,75.9556],[-105.4458,75.8306],[-105.3883,75.6564],[-105.7514,75.4897],[-105.5928,75.4675],[-105.7142,75.4164],[-105.6464,75.3653],[-105.9378,75.2144],[-105.8442,75.1833],[-105.8853,75.1403],[-106.0703,75.1066],[-105.9933,75.0558],[-107.1972,74.9108],[-107.6625,74.9667],[-107.7733,75.0961],[-107.7439,75.0372],[-108.0,75.0019],[-107.9419,74.9308],[-108.373,74.9105],[-108.8072,74.9836],[-108.5114,74.9764],[-108.8325,75.07],[-109.3986,74.8961],[-110.0081,74.8331],[-110.004,75.5328],[-108.8994,75.4764],[-109.0306,75.5528],[-108.8539,75.5603],[-108.9361,75.6747],[-108.827,75.6867],[-110.0019,75.8758],[-109.2906,76.035],[-109.3872,76.0661],[-109.3136,76.1092],[-109.5217,76.1811],[-109.9996,76.2248],[-109.998,76.475],[-109.7464,76.5055],[-109.8472,76.5325],[-109.3028,76.7969],[-108.7736,76.8578],[-108.6511,76.8136],[-108.6883,76.7661],[-108.4464,76.7236],[-108.7272,76.638],[-108.5289,76.5539],[-108.6283,76.5178],[-108.4827,76.4568],[-108.6075,76.4105]]],[[[-109.7828,72.4294],[-110.0197,72.4936],[-109.7953,72.4941],[-110.0191,72.6234],[-110.0187,72.7117],[-109.8328,72.6633],[-109.7703,72.7222],[-110.0186,72.7498],[-110.0175,72.9749],[-109.6345,72.9181],[-109.7547,72.8786],[-109.4008,72.7503],[-109.1117,72.74],[-108.9372,72.6672],[-109.0433,72.5675],[-108.6214,72.55],[-108.6628,72.3464],[-108.5364,72.1422],[-108.4044,72.1469],[-108.4122,71.99],[-108.2939,71.9764],[-108.3328,71.9258],[-108.1867,71.9558],[-108.295,71.8761],[-108.2808,71.7869],[-108.1653,71.7547],[-108.2381,71.7139],[-108.0661,71.7178],[-107.8453,71.6039],[-107.7242,71.6239],[-107.8364,71.6817],[-107.8044,71.7266],[-107.252,71.8044],[-107.4708,71.8708],[-107.257,71.9003],[-107.7789,72.1367],[-107.8642,72.2983],[-107.7136,72.3008],[-107.8775,72.4244],[-107.7814,72.4564],[-107.9806,72.5111],[-107.8767,72.5672],[-108.0119,72.62],[-107.9545,72.6392],[-108.0797,72.748],[-108.1353,72.9825],[-108.2328,73.0331],[-108.1561,73.0486],[-108.3,73.1355],[-108.1664,73.2039],[-107.8642,73.1886],[-108.1436,73.3075],[-107.6144,73.3172],[-107.0697,73.1739],[-107.0108,73.1914],[-107.1236,73.2403],[-107.0839,73.2833],[-106.8614,73.3108],[-106.2403,73.0858],[-105.8556,73.0569],[-105.3639,72.7853],[-105.322,72.7417],[-105.51,72.7769],[-105.2908,72.6517],[-105.3183,72.5575],[-105.1958,72.4825],[-105.3019,72.4553],[-104.9575,72.1814],[-105.0186,72.0669],[-104.3553,71.5744],[-104.4019,71.4983],[-104.2778,71.3511],[-104.4714,71.3511],[-104.4489,71.2189],[-104.6486,71.1191],[-104.1228,70.9147],[-103.9942,70.7528],[-103.5564,70.6008],[-102.9306,70.4905],[-103.1261,70.5739],[-103.1539,70.6658],[-103.0667,70.67],[-102.8483,70.5939],[-102.8539,70.5083],[-102.195,70.3242],[-101.5886,70.2719],[-101.6506,70.2108],[-101.5519,70.1094],[-101.3758,70.1778],[-100.9733,70.1555],[-100.8781,69.7717],[-100.9572,69.6625],[-101.3297,69.67],[-101.4733,69.8328],[-101.4453,69.9091],[-101.6725,69.6461],[-102.2303,69.9172],[-102.3497,69.7564],[-102.3878,69.8119],[-102.6806,69.76],[-102.4836,69.6922],[-102.5078,69.5641],[-102.813,69.5297],[-103.2975,69.6969],[-103.4867,69.6847],[-103.5042,69.613],[-103.2167,69.5511],[-103.1275,69.4322],[-103.0892,69.5219],[-103.0233,69.4939],[-103.0231,69.2717],[-103.2045,69.2008],[-103.2086,69.1228],[-102.8408,69.3833],[-102.5192,69.4122],[-102.4603,69.4822],[-102.0575,69.4836],[-101.9311,69.4075],[-102.1606,69.3547],[-102.0372,69.2764],[-102.2172,69.2253],[-102.0936,69.1786],[-101.9219,69.2603],[-101.7517,69.1605],[-101.8675,69.0425],[-101.8086,68.998],[-102.3922,68.953],[-102.5358,68.8644],[-102.7531,68.8942],[-102.7,68.84],[-102.8947,68.8],[-103.1642,68.843],[-103.3742,68.7775],[-104.1103,68.8594],[-104.265,68.9422],[-104.5836,68.8597],[-105.1292,68.8964],[-105.2742,68.9489],[-104.923,69.0747],[-106.4061,69.1805],[-106.2678,69.2922],[-106.3103,69.4039],[-106.6022,69.4989],[-106.7533,69.3792],[-106.9855,69.3461],[-106.9292,69.2167],[-107.3042,69.0325],[-107.9558,68.9311],[-108.5344,68.9447],[-108.5514,68.8794],[-108.9375,68.7411],[-110.3778,68.5742],[-111.4053,68.568],[-111.2381,68.5144],[-113.2514,68.4522],[-113.3094,68.4672],[-113.0436,68.5042],[-113.3578,68.5914],[-113.6769,68.8111],[-113.6172,68.8453],[-113.6772,68.9008],[-113.5695,68.9572],[-113.64,69.0325],[-113.545,69.048],[-113.6922,69.1894],[-113.5211,69.1786],[-114.3114,69.285],[-115.1908,69.2369],[-115.9558,69.2922],[-116.5258,69.4075],[-116.6297,69.4589],[-116.5814,69.5605],[-116.9103,69.5903],[-116.5136,69.6348],[-117.1181,69.8919],[-117.085,69.9991],[-112.8871,69.9911],[-112.8624,69.84],[-112.6577,69.8345],[-112.4775,69.8924],[-112.4851,69.9937],[-110.0294,69.9955],[-110.0199,72.4421],[-109.7828,72.4294]]],[[[-92.9203,69.6697],[-92.6617,69.6528],[-92.3497,69.7011],[-92.0883,69.623],[-92.3006,69.6417],[-92.1247,69.555],[-91.8033,69.4833],[-91.4753,69.6644],[-91.0919,69.6317],[-91.5539,69.5055],[-91.1922,69.5628],[-90.7586,69.4828],[-90.7161,69.5394],[-90.3195,69.4405],[-90.7036,69.4536],[-90.5822,69.4169],[-90.7972,69.3614],[-90.8094,69.2533],[-91.1003,69.2811],[-90.9517,69.3547],[-91.1941,69.288],[-91.4467,69.3497],[-90.6647,69.0833],[-90.7092,69.0039],[-90.6047,68.9783],[-90.6292,68.9158],[-90.4364,68.8744],[-90.5939,68.8055],[-90.4389,68.8233],[-90.5636,68.625],[-90.4744,68.5308],[-90.6067,68.4461],[-90.315,68.37],[-90.4775,68.3319],[-90.3264,68.3503],[-90.2072,68.2311],[-89.8006,68.54],[-89.9497,68.6078],[-89.8025,68.7122],[-89.7664,68.6219],[-89.7142,68.6491],[-89.6847,68.8103],[-89.757,68.94],[-89.39,69.2191],[-89.1144,69.2753],[-88.2086,68.9117],[-87.9644,68.7605],[-87.7878,68.3275],[-87.9358,68.1958],[-88.1633,68.2314],[-88.1942,68.3744],[-88.3922,68.2875],[-88.2775,68.1116],[-88.3708,67.9592],[-88.1394,67.6644],[-87.3578,67.2622],[-87.5103,67.1122],[-87.3411,67.1764],[-87.2725,67.0961],[-87.2294,67.2255],[-87.1067,67.1792],[-87.0758,67.2536],[-86.9631,67.2505],[-87.09,67.3508],[-86.9744,67.3167],[-86.7792,67.4222],[-86.532,67.3466],[-86.4514,67.5975],[-86.5253,67.6814],[-86.1272,68.0136],[-85.8925,68.0514],[-85.8881,68.1897],[-85.7847,68.2164],[-85.8428,68.3172],[-85.6678,68.4483],[-85.7425,68.4711],[-85.7475,68.6225],[-85.6458,68.7375],[-84.7753,68.7372],[-84.8347,68.8205],[-85.1928,68.8622],[-85.0056,68.8775],[-85.115,68.9586],[-84.7964,68.9336],[-84.9869,68.9995],[-84.5283,69.0175],[-85.1389,69.1294],[-84.9947,69.173],[-85.3156,69.148],[-85.2033,69.1805],[-85.3831,69.2056],[-85.5031,69.3144],[-85.3453,69.3069],[-85.5081,69.3953],[-85.3392,69.4389],[-85.5425,69.4764],[-85.3803,69.5669],[-85.5442,69.6378],[-85.4386,69.7011],[-85.5147,69.7681],[-85.3445,69.813],[-85.5619,69.8594],[-85.0644,69.77],[-84.8825,69.8556],[-84.4336,69.8611],[-83.7339,69.7067],[-82.2547,69.6364],[-82.7433,69.5775],[-82.5006,69.4922],[-83.2939,69.5344],[-82.2372,69.4008],[-82.3917,69.3986],[-82.1439,69.3003],[-82.2586,69.2339],[-81.6939,69.263],[-81.3325,69.1825],[-81.275,69.0866],[-82.0572,68.8739],[-81.3828,68.8667],[-81.2344,68.77],[-81.2558,68.6431],[-81.6339,68.508],[-81.8105,68.5233],[-81.9708,68.4211],[-82.2564,68.5336],[-82.1733,68.4858],[-82.6089,68.5175],[-82.4911,68.4539],[-82.6481,68.4453],[-82.3631,68.3505],[-82.5078,68.3133],[-82.4261,68.2767],[-82.2647,68.2844],[-82.3144,68.1467],[-82.1792,68.1116],[-81.9889,68.2067],[-82.1739,68.0025],[-82.1028,67.9072],[-81.4331,67.6114],[-81.2392,67.4361],[-81.5242,66.9905],[-81.9883,66.9594],[-82.1839,66.7642],[-82.1566,66.7095],[-82.3697,66.7258],[-82.5969,66.5603],[-83.0172,66.5469],[-83.3683,66.3489],[-83.5736,66.3436],[-83.6394,66.4372],[-83.5292,66.3947],[-83.6725,66.5205],[-83.9775,66.5822],[-84.0144,66.6927],[-83.8561,66.6808],[-83.9553,66.7478],[-83.9078,66.8766],[-84.105,66.7083],[-84.2603,66.7164],[-84.2686,66.7858],[-84.4364,66.8183],[-84.2397,66.8339],[-84.5841,66.9783],[-84.3708,66.9714],[-84.9269,67.0594],[-84.8717,66.985],[-84.6397,66.978],[-85.2122,66.9133],[-85.12,66.8355],[-84.9008,66.898],[-84.9931,66.923],[-84.6022,66.9358],[-84.5622,66.9014],[-84.7464,66.8975],[-84.3197,66.7747],[-84.4425,66.7108],[-84.1444,66.6814],[-84.215,66.5894],[-83.9164,66.4466],[-83.8642,66.3125],[-83.6786,66.2011],[-83.8478,66.1533],[-83.8011,66.2167],[-83.9647,66.1953],[-84.2164,66.3217],[-84.3472,66.2769],[-84.5289,66.4042],[-84.6361,66.3289],[-84.3747,66.1586],[-85.1178,66.3247],[-85.2522,66.273],[-85.3433,66.4869],[-85.4797,66.5814],[-85.8453,66.4994],[-86.7808,66.5208],[-86.6417,66.4319],[-86.8111,66.4419],[-86.6383,66.3153],[-85.8978,66.1633],[-86.0142,66.1003],[-85.98,66.0286],[-86.4214,65.9022],[-86.4969,65.808],[-86.4511,65.7472],[-86.555,65.6647],[-87.3728,65.3228],[-87.9667,65.3331],[-88.8297,65.6414],[-88.4119,65.6303],[-88.9372,65.6858],[-89.6717,65.9394],[-90.4044,65.8711],[-90.2256,65.9005],[-91.4969,65.9458],[-91.0206,65.8061],[-91.123,65.9047],[-90.0,65.7969],[-89.4625,65.6008],[-89.0544,65.3289],[-87.3578,65.2708],[-87.0514,65.2364],[-86.9333,65.138],[-87.2944,64.763],[-87.4894,64.7411],[-87.5792,64.568],[-87.8072,64.5144],[-87.8881,64.3386],[-88.0447,64.2475],[-87.9839,64.1911],[-88.1133,64.1361],[-88.7367,63.9683],[-89.0008,63.988],[-89.2608,64.1605],[-89.0236,63.9503],[-89.5511,64.0775],[-89.4855,63.9422],[-89.8181,64.0986],[-89.7358,64.1453],[-89.7731,64.2408],[-89.8839,64.2005],[-89.8236,64.1444],[-90.1214,64.1279],[-89.9147,64.1069],[-89.9461,64.0575],[-89.8481,64.0219],[-89.9139,63.9933],[-89.8136,63.9372],[-90.2792,64.0036],[-90.0906,63.9242],[-90.0,63.7739],[-90.1158,63.7775],[-90.0578,63.7444],[-90.2053,63.6122],[-90.6239,63.7042],[-90.6992,63.6575],[-90.5903,63.6767],[-90.5514,63.6014],[-90.9306,63.5642],[-91.6939,63.7747],[-91.9106,63.7406],[-91.9861,63.7764],[-91.8894,63.8014],[-91.9847,63.8192],[-92.0455,63.7453],[-92.3764,63.7772],[-92.5064,63.8319],[-92.7069,63.8467],[-92.7614,63.8905],[-93.4367,64.0153],[-93.7731,64.1936],[-93.5489,64.0247],[-93.7644,63.9883],[-93.6497,63.8772],[-93.2161,63.8436],[-93.4489,63.9258],[-93.3647,63.9675],[-92.1039,63.7017],[-92.5394,63.5558],[-92.4719,63.5233],[-92.2303,63.5347],[-92.1939,63.6153],[-91.7761,63.7158],[-91.3889,63.4853],[-90.7864,63.3956],[-90.975,63.4194],[-90.6886,63.355],[-90.7303,63.1781],[-90.6275,63.0594],[-90.785,62.938],[-91.048,62.9422],[-91.4108,62.8197],[-91.3564,62.7886],[-92.1219,62.8742],[-92.0964,62.7989],[-92.4553,62.8147],[-92.2192,62.6844],[-92.2869,62.6769],[-91.8805,62.6194],[-92.0533,62.5267],[-92.1747,62.5447],[-92.1633,62.6008],[-92.3847,62.53],[-92.6158,62.6142],[-92.5639,62.4986],[-92.498,62.5083],[-92.5297,62.4431],[-92.71,62.4658],[-92.682,62.3744],[-92.8228,62.3492],[-92.5981,62.3108],[-92.6339,62.2539],[-92.47,62.1466],[-92.6039,62.1564],[-92.7475,62.29],[-93.145,62.3373],[-92.7803,62.2369],[-92.7903,62.1775],[-93.11,62.1567],[-92.9314,62.1042],[-93.1561,62.0497],[-93.1622,61.9789],[-93.4114,62.0314],[-93.2183,61.9525],[-93.3883,61.9458],[-93.2997,61.8858],[-93.6195,61.9486],[-93.4917,61.8842],[-93.6136,61.8525],[-93.2556,61.7425],[-93.4689,61.765],[-93.3133,61.7253],[-93.9847,61.4561],[-93.8192,61.3472],[-94.1108,61.3228],[-93.9986,61.2278],[-94.0989,61.1622],[-93.9803,61.0961],[-94.1286,61.0655],[-94.3492,60.8586],[-94.5095,60.5442],[-94.797,60.4972],[-94.6139,60.3806],[-94.8005,59.9996],[-102.0017,59.9999],[-101.984,64.2134],[-109.3874,64.8269],[-110.6517,65.4995],[-112.4986,65.5062],[-120.6585,68.0013],[-120.6652,69.5513],[-119.9822,69.3447],[-118.8406,69.2505],[-117.8705,68.9855],[-117.1539,68.8855],[-116.9508,68.94],[-115.96,68.8047],[-116.3253,68.9619],[-115.5931,68.9716],[-114.4483,68.6897],[-114.0889,68.4964],[-114.095,68.4025],[-113.9122,68.3892],[-114.0467,68.3117],[-114.0233,68.2414],[-114.96,68.2858],[-114.7647,68.1861],[-115.2372,68.1822],[-115.1728,68.1286],[-115.2405,68.0364],[-115.1105,68.0122],[-115.5072,67.8894],[-113.8458,67.6914],[-112.7094,67.6678],[-112.0111,67.7425],[-111.8936,67.6794],[-111.9128,67.7542],[-111.5389,67.7125],[-111.1758,67.8375],[-111.2006,67.7555],[-111.0058,67.765],[-110.34,67.9656],[-110.1397,67.9167],[-110.2017,67.9661],[-110.1169,68.0089],[-109.9708,67.958],[-109.9825,67.8372],[-109.8903,67.88],[-109.623,67.7405],[-109.7261,67.7169],[-109.5225,67.6875],[-109.3953,67.7675],[-109.0658,67.7142],[-108.9192,67.5358],[-109.0022,67.4436],[-108.8128,67.3489],[-108.7364,67.603],[-108.6205,67.6247],[-108.4842,67.3494],[-108.3669,67.445],[-108.0153,67.2931],[-107.8805,67.0483],[-108.1486,67.0767],[-108.2328,67.0192],[-108.6228,67.15],[-108.5161,67.0344],[-108.4561,67.0705],[-108.1147,66.9289],[-108.1181,66.8622],[-108.2325,66.8455],[-107.9911,66.8328],[-107.8828,66.6633],[-107.8533,66.7564],[-107.2222,66.3492],[-107.7972,66.7561],[-107.6903,66.7678],[-107.7642,67.0017],[-107.6133,66.965],[-107.6508,67.0761],[-107.4847,66.9186],[-107.6936,66.9466],[-107.5325,66.8742],[-107.5644,66.8336],[-107.4089,66.8111],[-107.4864,66.8772],[-107.3939,66.8853],[-107.4353,66.9722],[-107.0836,66.8205],[-107.4039,67.0417],[-107.1997,67.1239],[-107.4814,67.1808],[-107.7219,67.4108],[-107.6356,67.4022],[-107.5828,67.4964],[-108.007,67.7075],[-107.9419,67.8469],[-107.6511,67.9405],[-107.9103,67.9886],[-107.8906,68.0817],[-107.6936,68.0717],[-107.8094,68.0517],[-107.74,68.038],[-107.8333,68.013],[-107.7781,67.9866],[-107.1544,68.1269],[-106.7564,68.105],[-106.8094,68.2072],[-106.6636,68.1694],[-106.6144,68.248],[-106.4447,68.1517],[-106.3447,68.1833],[-106.4958,68.2255],[-106.4475,68.3447],[-105.7303,68.4191],[-105.6983,68.4919],[-105.7742,68.5483],[-105.6664,68.6386],[-106.5511,68.515],[-106.4194,68.5103],[-106.6317,68.4619],[-106.4806,68.3955],[-106.5433,68.2914],[-106.8028,68.4144],[-107.1319,68.2725],[-107.5467,68.3475],[-107.8133,68.3425],[-107.8797,68.2589],[-107.6031,68.1653],[-108.3703,68.1128],[-108.4361,68.1414],[-108.3386,68.1458],[-108.3475,68.2269],[-108.455,68.1905],[-108.4022,68.2941],[-108.8192,68.2667],[-108.3453,68.6019],[-107.3056,68.6972],[-106.2147,68.9414],[-105.798,68.8794],[-105.4753,68.7205],[-105.5439,68.6566],[-105.3214,68.4742],[-105.5331,68.4086],[-105.3383,68.4122],[-105.0556,68.258],[-104.9986,68.2747],[-105.0825,68.308],[-104.8939,68.3489],[-104.8394,68.2886],[-104.952,68.2475],[-104.6097,68.2414],[-104.6703,68.1386],[-104.5,68.0319],[-103.5553,68.0572],[-103.4042,68.1641],[-103.3661,68.0058],[-102.2275,67.6869],[-101.9786,67.7878],[-101.8,67.705],[-101.4097,67.6878],[-101.4467,67.7325],[-100.9039,67.7569],[-100.9156,67.8178],[-100.7,67.8469],[-100.5875,67.7933],[-99.7767,67.8239],[-98.9306,67.6961],[-98.6936,67.8077],[-98.3544,67.7961],[-98.7242,67.9536],[-98.7328,68.0703],[-98.5853,68.0919],[-98.0886,67.7567],[-97.7389,67.6422],[-97.5475,67.5964],[-97.0592,67.675],[-97.2236,67.7125],[-97.1158,67.7828],[-97.2403,67.9261],[-97.3922,67.8764],[-97.6831,68.0186],[-98.03,67.9419],[-98.0953,67.8333],[-98.5811,68.14],[-98.4597,68.1836],[-98.3678,68.0806],[-98.3261,68.1714],[-98.7153,68.3616],[-98.5114,68.3297],[-98.4614,68.3589],[-98.5253,68.4211],[-98.1997,68.3003],[-97.7431,68.3705],[-98.0097,68.498],[-97.8525,68.5425],[-97.5378,68.4183],[-97.6192,68.4583],[-97.2828,68.4742],[-97.002,68.3453],[-97.0803,68.2592],[-96.6806,68.2808],[-96.6308,68.1789],[-96.4106,68.3155],[-96.7892,68.0172],[-96.4531,68.0394],[-96.5483,68.0842],[-95.8922,68.2941],[-96.0786,68.15],[-96.0203,68.1061],[-96.2153,67.8236],[-96.1853,67.6264],[-96.3356,67.6966],[-96.4647,67.478],[-96.0972,67.4647],[-96.2522,67.2475],[-96.1144,67.2133],[-95.5658,67.3766],[-95.5533,67.3133],[-95.8333,67.1628],[-95.6503,67.2258],[-95.4878,67.2039],[-95.4742,67.1355],[-95.4355,67.1939],[-95.3503,66.9639],[-95.928,66.9525],[-95.9939,67.0097],[-95.947,67.0722],[-96.1105,66.9508],[-96.2792,66.9992],[-96.2689,67.0605],[-96.4606,67.0622],[-95.8481,66.7528],[-95.7775,66.655],[-95.8197,66.5839],[-95.6297,66.6755],[-95.6522,66.7286],[-95.7664,66.6836],[-95.7847,66.7372],[-96.0856,66.9269],[-95.3236,66.8894],[-95.2195,66.9736],[-95.3522,67.1483],[-95.1633,67.2872],[-95.4192,67.4553],[-95.3436,67.555],[-95.7045,67.7386],[-95.5344,67.8208],[-95.5803,67.8986],[-95.4128,68.0217],[-95.4728,68.0605],[-94.7222,68.055],[-94.1992,68.2678],[-94.2108,68.3614],[-94.123,68.4169],[-93.3755,68.6333],[-93.752,68.6136],[-93.5661,68.8494],[-93.6422,68.9639],[-93.9092,68.998],[-93.8039,69.0692],[-93.9322,69.0289],[-94.0797,68.8475],[-93.81,68.8905],[-94.0953,68.758],[-94.6322,68.75],[-94.5453,68.8847],[-94.5992,68.9656],[-94.445,68.938],[-94.0058,69.1544],[-94.3231,69.15],[-94.3033,69.305],[-93.5264,69.4383],[-93.8831,69.25],[-93.8119,69.265],[-93.8775,69.2242],[-93.8372,69.1644],[-93.3794,69.3764],[-93.5858,69.3642],[-93.4394,69.4753],[-93.5408,69.5233],[-94.2792,69.4403],[-94.6286,69.6839],[-94.8628,69.5669],[-96.1983,69.8597],[-96.0822,69.8736],[-96.0978,69.9466],[-96.5003,70.1014],[-96.5686,70.2686],[-96.2431,70.5697],[-95.7972,70.5294],[-96.0614,70.6172],[-95.8178,70.7103],[-96.2028,70.6216],[-96.6119,70.7944],[-96.4958,71.0403],[-96.37,71.09],[-96.5605,71.1264],[-96.3767,71.1491],[-96.5039,71.2772],[-96.0464,71.4181],[-95.5353,71.2908],[-95.5886,71.3544],[-95.4333,71.3708],[-95.5486,71.4283],[-95.3767,71.5094],[-95.7997,71.5047],[-95.9367,71.5467],[-95.9083,71.6005],[-95.2631,71.7239],[-95.2269,71.8267],[-94.7344,71.8233],[-94.6078,71.8664],[-95.2133,71.843],[-95.2175,71.945],[-94.5636,71.9969],[-94.3886,71.9241],[-94.6484,71.8125],[-94.5942,71.7433],[-94.4883,71.8242],[-94.3567,71.7964],[-94.4239,71.6614],[-94.1944,71.7919],[-93.7117,71.7614],[-93.8114,71.6455],[-92.9739,71.3408],[-92.8558,71.1575],[-92.9081,70.9036],[-92.8519,70.8566],[-93.0428,70.8639],[-92.6767,70.7717],[-92.6761,70.6747],[-92.1592,70.5842],[-92.2856,70.4878],[-91.9969,70.3908],[-91.9953,70.3167],[-92.0856,70.2983],[-91.9522,70.2553],[-91.855,70.3033],[-91.8903,70.3544],[-91.7297,70.3569],[-91.6939,70.1975],[-91.5114,70.1528],[-92.0039,70.1214],[-92.3625,70.2403],[-92.2767,70.1844],[-92.4808,70.1767],[-92.3886,70.145],[-92.5867,70.0769],[-91.9397,70.0203],[-92.8678,69.7022],[-92.535,69.7094],[-92.9203,69.6697]]],[[[-61.4478,66.5383],[-62.0047,66.6966],[-62.1867,66.6272],[-61.7889,66.6086],[-61.5764,66.4772],[-61.9869,66.4103],[-61.4625,66.3691],[-61.5547,66.3361],[-61.915,66.2814],[-62.6072,66.4427],[-62.7155,66.4076],[-62.495,66.4055],[-62.3161,66.305],[-62.6669,66.2144],[-62.89,66.3333],[-62.715,66.2017],[-62.1083,66.1431],[-62.153,66.1008],[-62.0128,66.0714],[-62.1089,66.05],[-61.9603,66.0119],[-62.3078,65.9739],[-62.5253,66.0341],[-62.7789,66.0333],[-62.9306,66.1469],[-63.0619,66.1208],[-62.7936,66.0108],[-62.4183,65.9705],[-62.4536,65.9219],[-62.2881,65.8133],[-62.62,65.803],[-62.8642,65.9111],[-62.5694,65.7575],[-62.848,65.7639],[-62.5897,65.6686],[-62.6453,65.5872],[-62.66,65.638],[-62.7847,65.5914],[-62.8861,65.7344],[-62.9594,65.7539],[-62.8917,65.6383],[-62.9722,65.5808],[-63.2119,65.6405],[-63.488,65.9361],[-63.5292,65.8769],[-63.3478,65.6667],[-63.7286,65.6758],[-63.32,65.5933],[-63.6183,65.5419],[-63.2928,65.4289],[-63.6556,65.4708],[-63.3894,65.3931],[-63.5233,65.3844],[-63.3356,65.3005],[-63.458,65.2394],[-63.3172,65.1911],[-63.5139,65.1911],[-63.3422,65.1405],[-63.547,64.8872],[-63.6539,64.9117],[-63.6147,64.9994],[-63.8242,64.9847],[-63.6553,65.038],[-63.8705,65.0408],[-63.7989,65.1825],[-64.0747,65.1208],[-64.1211,65.0439],[-64.2672,65.0941],[-64.0811,65.1994],[-64.3808,65.1811],[-64.3378,65.2891],[-64.4028,65.2911],[-64.2372,65.43],[-64.4617,65.295],[-64.535,65.0972],[-64.6375,65.1197],[-64.6208,65.1925],[-64.7303,65.1583],[-64.6475,65.2478],[-64.9108,65.3036],[-64.6844,65.3411],[-64.9106,65.34],[-64.4486,65.4183],[-64.4128,65.4786],[-64.9897,65.3683],[-65.1442,65.4278],[-65.1681,65.4839],[-64.9936,65.548],[-65.3386,65.5755],[-64.7914,65.7233],[-65.1683,65.6561],[-65.4564,65.6855],[-65.3728,65.7772],[-65.4978,65.7375],[-65.3439,65.9167],[-64.735,65.9694],[-64.8514,66.0325],[-64.7217,66.2175],[-64.3564,66.3497],[-64.7189,66.2733],[-64.8589,66.1061],[-65.3981,65.9747],[-65.9161,65.9511],[-65.9117,66.0917],[-65.6342,66.1725],[-65.4758,66.3878],[-65.697,66.1805],[-66.1392,66.1314],[-66.2543,66.22],[-66.1503,66.2841],[-66.505,66.2089],[-66.5455,66.2789],[-66.4744,66.2753],[-66.4711,66.3478],[-66.5761,66.3592],[-66.4372,66.4133],[-66.6175,66.3686],[-66.7678,66.3805],[-66.6792,66.455],[-66.8136,66.4522],[-66.8578,66.5367],[-66.7247,66.5847],[-67.0589,66.6428],[-66.8842,66.5661],[-67.1494,66.5319],[-67.1056,66.4858],[-67.3383,66.5978],[-67.7408,66.5711],[-67.1486,66.4439],[-67.1853,66.3636],[-67.4064,66.4297],[-67.1261,66.3055],[-67.2822,66.2753],[-67.8569,66.5186],[-67.9928,66.5039],[-67.7606,66.358],[-67.7411,66.243],[-67.1625,66.0353],[-67.3119,65.9969],[-67.1944,65.9097],[-67.7428,65.9605],[-67.7042,65.8917],[-67.9144,65.8991],[-68.0306,65.998],[-67.9708,66.0875],[-68.2303,66.1464],[-68.2769,66.2244],[-68.39,66.1836],[-68.5164,66.2989],[-68.4806,66.2156],[-68.8353,66.185],[-68.4931,66.1889],[-68.2442,66.0711],[-68.22,66.1286],[-68.0272,66.075],[-68.0644,65.9844],[-68.2003,66.0205],[-68.1239,65.963],[-68.3469,66.0378],[-68.1922,65.9503],[-68.3217,65.9119],[-68.1428,65.9292],[-68.1858,65.8542],[-68.0808,65.8344],[-68.2036,65.7928],[-67.8108,65.8155],[-67.9767,65.7058],[-67.8675,65.635],[-68.0589,65.568],[-67.9517,65.5683],[-68.0258,65.4811],[-67.7303,65.6364],[-67.3281,65.6625],[-67.2608,65.5297],[-67.4514,65.4936],[-67.0583,65.4267],[-67.4094,65.3333],[-67.12,65.31],[-67.1681,65.265],[-67.0778,65.2503],[-67.1683,65.2242],[-67.1111,65.1969],[-66.9289,65.2297],[-66.9592,65.1066],[-67.1078,65.0589],[-66.9003,65.0639],[-66.7261,65.1803],[-66.8067,65.0555],[-66.9153,65.0508],[-66.8403,65.0339],[-66.7608,65.0647],[-66.7431,64.963],[-66.8303,64.9408],[-66.7269,64.9139],[-66.6983,64.7639],[-66.6325,64.7814],[-66.6887,65.0388],[-66.3417,64.9389],[-66.3094,64.865],[-66.1484,64.8689],[-66.1919,64.7789],[-66.3397,64.7636],[-66.2072,64.7525],[-66.2122,64.6855],[-66.0208,64.8497],[-66.0367,64.708],[-65.9567,64.7619],[-65.8033,64.6339],[-65.9586,64.8778],[-65.6642,64.8083],[-65.7425,64.7411],[-65.7047,64.6875],[-65.6653,64.7714],[-65.5558,64.7233],[-65.5864,64.6403],[-65.7469,64.5908],[-65.7256,64.498],[-65.3483,64.5255],[-65.405,64.4414],[-65.1153,64.5105],[-65.1772,64.4755],[-65.0789,64.4211],[-65.2606,64.3842],[-65.195,64.3103],[-65.6583,64.3028],[-65.4342,64.2991],[-65.5586,64.245],[-65.3394,64.2466],[-65.2506,64.2083],[-65.3917,64.1486],[-65.265,64.1789],[-65.1158,64.1064],[-65.1939,64.0728],[-65.0494,64.0722],[-65.2219,64.0286],[-64.9545,63.9714],[-64.6681,64.0331],[-64.6328,63.9728],[-64.9842,63.8139],[-64.5083,63.6508],[-64.5892,63.6081],[-64.5011,63.4236],[-64.6347,63.4103],[-64.4955,63.3278],[-64.62,63.3133],[-64.4819,63.2822],[-64.6486,63.2378],[-64.9425,63.6322],[-65.2986,63.8125],[-64.9869,63.6017],[-65.0919,63.5597],[-65.0428,63.4597],[-65.117,63.4269],[-65.0453,63.4317],[-65.1233,63.4003],[-64.965,63.3694],[-64.9214,63.2358],[-65.1486,63.2861],[-64.9686,63.2172],[-65.0578,63.1747],[-64.7839,63.1222],[-64.8644,63.0889],[-64.767,63.0622],[-64.7714,62.9833],[-64.8467,62.9672],[-64.6269,62.9],[-64.8819,62.8675],[-65.2742,63.0014],[-64.9283,62.6322],[-65.145,62.5658],[-65.267,62.6944],[-65.3539,62.6844],[-65.2442,62.7792],[-65.3619,62.7747],[-65.2536,62.8325],[-65.3397,62.8375],[-65.3319,62.9255],[-65.4028,62.8217],[-65.6094,62.8208],[-65.7506,62.9225],[-65.688,62.98],[-65.7289,63.0528],[-65.7936,62.8703],[-65.9642,62.9314],[-65.8333,63.0314],[-66.0144,62.9789],[-66.2758,63.1339],[-66.0978,62.9525],[-66.3928,62.995],[-66.5183,63.0653],[-66.5453,63.1955],[-66.6897,63.2811],[-66.6508,63.375],[-66.7403,63.2836],[-66.6025,63.2053],[-66.5633,63.0736],[-66.6828,63.0967],[-66.5403,62.9942],[-66.7681,63.0878],[-66.8075,63.2733],[-66.8067,63.1605],[-67.0239,63.2431],[-66.9478,63.2842],[-66.9778,63.3997],[-67.0172,63.2811],[-67.1797,63.2756],[-67.9147,63.7594],[-67.6783,63.3731],[-68.2475,63.5975],[-68.2728,63.6911],[-68.3028,63.633],[-68.5289,63.7464],[-68.9947,63.7556],[-68.813,63.6356],[-68.8508,63.6],[-68.4467,63.44],[-68.4958,63.4214],[-68.2347,63.1978],[-67.9175,63.1372],[-67.9764,63.0642],[-67.6103,63.0942],[-67.7914,63.0208],[-67.7697,62.9583],[-67.553,63.0486],[-67.4997,63.0078],[-67.6658,62.9189],[-67.3953,62.9639],[-67.2464,62.8836],[-67.37,62.8542],[-67.2008,62.8731],[-67.2419,62.8122],[-67.1147,62.8205],[-67.1186,62.7564],[-67.0122,62.7344],[-67.0583,62.6919],[-66.9128,62.695],[-67.0011,62.6539],[-66.7269,62.6686],[-66.7731,62.6325],[-66.4878,62.5114],[-66.5095,62.4217],[-66.3517,62.445],[-66.3306,62.3792],[-66.4769,62.3358],[-66.3186,62.2647],[-66.3556,62.3319],[-66.2167,62.3519],[-66.147,62.2528],[-66.2572,62.2597],[-65.9331,62.2042],[-66.0556,62.1419],[-66.0381,62.0642],[-66.2006,62.113],[-65.955,61.8903],[-66.395,61.8708],[-66.7556,62.0111],[-67.3269,62.0733],[-67.39,62.1511],[-68.548,62.2486],[-69.2989,62.4983],[-69.2822,62.6222],[-69.3761,62.5331],[-69.5972,62.6625],[-69.395,62.7633],[-69.6825,62.7397],[-69.8317,62.8219],[-69.7625,62.7261],[-69.94,62.7942],[-70.255,62.7564],[-71.0422,62.9558],[-70.9403,63.0269],[-71.1522,62.9853],[-70.8239,63.1286],[-70.9275,63.115],[-70.9089,63.1708],[-71.2439,63.0011],[-71.4083,63.0553],[-71.3981,63.1228],[-71.7139,63.1792],[-71.6589,63.1925],[-71.7564,63.2372],[-71.6464,63.2592],[-71.77,63.2564],[-71.775,63.4122],[-72.1456,63.4461],[-71.6347,63.4197],[-71.2347,63.6081],[-71.5769,63.5817],[-71.4858,63.6294],[-71.5811,63.6453],[-71.5342,63.7103],[-71.6381,63.7211],[-71.6403,63.6461],[-71.7214,63.6919],[-71.6842,63.7467],[-71.7597,63.6917],[-71.9044,63.81],[-72.0042,63.7528],[-71.8439,63.7556],[-71.923,63.6453],[-71.9475,63.7225],[-72.0392,63.6644],[-72.2047,63.7744],[-72.2139,63.6778],[-72.3175,63.6742],[-72.3578,63.7614],[-72.2528,63.7603],[-72.2228,63.8614],[-72.0925,63.9047],[-72.2464,63.9503],[-72.2467,63.8833],[-72.4056,63.8264],[-72.3728,63.7786],[-72.5264,63.7878],[-72.4569,63.8158],[-72.6606,63.8503],[-72.5928,64.0222],[-72.6761,64.0203],[-72.6647,64.0806],[-72.7058,64.0092],[-72.6586,63.9878],[-72.7333,63.9628],[-72.9403,64.0586],[-72.8972,64.1569],[-73.0814,64.1836],[-73.1072,64.2908],[-73.3842,64.2725],[-73.3914,64.3386],[-73.2606,64.3633],[-73.4719,64.415],[-73.1678,64.5767],[-73.3094,64.6586],[-73.3075,64.5358],[-73.4633,64.5025],[-73.4306,64.6033],[-73.5711,64.5853],[-73.6567,64.6636],[-73.6442,64.5661],[-73.7539,64.5353],[-73.9294,64.6022],[-73.7864,64.4766],[-73.9611,64.4772],[-73.9933,64.3311],[-74.09,64.3292],[-74.175,64.3603],[-74.0775,64.4114],[-74.1703,64.4616],[-74.0436,64.443],[-74.1275,64.5344],[-73.9536,64.5161],[-74.1644,64.5705],[-73.9994,64.5819],[-74.0836,64.6311],[-74.0605,64.7333],[-74.2214,64.6711],[-74.2403,64.5803],[-74.3164,64.6819],[-74.4175,64.66],[-74.3819,64.57],[-74.7042,64.7355],[-74.4789,64.8358],[-74.64,64.9036],[-74.7328,64.8547],[-74.7264,64.7708],[-74.9853,64.7958],[-74.47,64.5575],[-74.6389,64.5383],[-74.5011,64.4558],[-74.6806,64.3722],[-75.1747,64.4928],[-75.2156,64.4289],[-75.8431,64.6078],[-75.6317,64.4536],[-75.9225,64.4811],[-75.7269,64.3672],[-75.9828,64.4044],[-76.375,64.3569],[-76.1883,64.3069],[-76.3006,64.2789],[-76.7058,64.3008],[-76.6705,64.1841],[-77.8778,64.3739],[-77.8428,64.4255],[-78.0083,64.4244],[-77.9731,64.4636],[-78.1833,64.5725],[-78.1286,64.5892],[-78.1592,64.6972],[-78.2992,64.7047],[-78.0736,64.8136],[-78.1497,64.9522],[-77.9639,65.0475],[-77.3286,65.1789],[-77.5131,65.3189],[-77.2875,65.3678],[-77.4217,65.4614],[-76.6636,65.4103],[-75.7856,65.2244],[-75.7333,65.1522],[-75.428,65.0483],[-75.4156,64.9775],[-75.6675,64.9408],[-75.5875,64.8566],[-75.4547,64.8389],[-75.5308,64.7755],[-75.3967,64.7172],[-75.2982,64.7258],[-75.3439,64.9197],[-75.4697,64.8694],[-75.5675,64.8836],[-75.3847,64.9819],[-75.2692,64.9505],[-75.1869,65.1016],[-75.36,65.0039],[-75.5975,65.1841],[-75.9503,65.3183],[-75.6255,65.3455],[-75.5664,65.275],[-75.1867,65.2519],[-75.0836,65.2861],[-75.108,65.3931],[-74.7144,65.4317],[-74.6694,65.3497],[-74.5244,65.3333],[-74.1058,65.535],[-73.4797,65.4508],[-73.7097,65.7625],[-74.058,65.8755],[-74.4661,66.1519],[-73.4442,66.5511],[-73.1086,66.7233],[-72.8242,67.0294],[-72.3686,67.1125],[-72.1928,67.273],[-72.3744,67.3258],[-72.5061,67.4969],[-72.4222,67.53],[-72.4858,67.623],[-72.6764,67.6939],[-72.6125,67.7903],[-72.9422,67.9253],[-72.8961,68.0142],[-72.9922,68.2344],[-73.4961,68.2755],[-73.2117,68.3769],[-73.6322,68.2466],[-73.685,68.2714],[-73.5914,68.3025],[-73.9486,68.4119],[-73.7258,68.5258],[-73.8153,68.5705],[-73.7197,68.6144],[-73.8239,68.6172],[-73.7069,68.6536],[-73.7539,68.6836],[-74.1789,68.7242],[-73.9036,68.5278],[-74.3661,68.5391],[-74.7261,68.7303],[-74.5514,68.8306],[-74.7783,68.7658],[-74.9844,68.8094],[-74.6917,68.8647],[-74.6794,68.9278],[-75.0418,68.903],[-74.8408,68.9347],[-75.0428,68.9283],[-74.9303,68.9972],[-74.6428,69.0117],[-74.7858,69.0764],[-75.0433,69.0133],[-75.1397,68.8847],[-75.4789,69.0197],[-75.5786,68.9842],[-75.495,68.9303],[-75.6039,68.8797],[-76.4364,68.6772],[-76.6608,68.6994],[-76.688,68.7469],[-76.5217,68.8702],[-76.6556,68.9247],[-76.6255,69.0183],[-75.9969,69.003],[-75.6058,69.0853],[-75.5917,69.2216],[-75.9564,69.3661],[-76.3892,69.3955],[-76.6378,69.5467],[-76.4778,69.6522],[-76.1878,69.6653],[-76.6342,69.6836],[-76.5228,69.6525],[-76.7075,69.5594],[-77.1917,69.6397],[-76.7814,69.7486],[-76.9092,69.7917],[-76.7975,69.8361],[-77.3089,69.8308],[-76.9747,69.9358],[-77.6305,69.823],[-77.4444,69.7894],[-77.6158,69.7417],[-77.6806,69.8192],[-77.6725,70.1805],[-77.7953,70.255],[-78.4017,70.2125],[-78.54,70.3064],[-78.4258,70.3478],[-78.5789,70.3097],[-78.7439,70.4491],[-79.0706,70.4697],[-79.0817,70.53],[-78.88,70.5947],[-78.7189,70.5478],[-79.0095,70.6797],[-79.1581,70.6222],[-79.002,70.6133],[-79.1719,70.5139],[-79.1742,70.428],[-79.4128,70.4917],[-79.3953,70.4372],[-79.5889,70.3994],[-78.9217,70.3008],[-78.6642,70.0042],[-78.7958,69.8766],[-79.6825,69.8489],[-80.053,69.9972],[-81.7619,70.1175],[-81.1886,69.9911],[-80.7756,69.7522],[-80.9678,69.7144],[-81.5775,69.9689],[-82.9928,70.3036],[-83.048,70.3069],[-81.7108,69.9341],[-82.1433,69.7814],[-83.0667,70.0108],[-83.7153,69.9477],[-84.7286,70.0103],[-84.8708,70.0717],[-84.797,70.1078],[-85.8695,70.0855],[-85.2361,69.9892],[-85.7269,69.9905],[-86.5519,70.235],[-86.5917,70.3583],[-86.295,70.4728],[-86.3908,70.5222],[-86.3394,70.4864],[-86.678,70.373],[-86.6472,70.3194],[-86.8761,70.3261],[-86.7394,70.3825],[-86.9306,70.3919],[-86.8705,70.4139],[-86.9781,70.4208],[-86.9533,70.4672],[-87.2469,70.383],[-87.0106,70.3716],[-86.9858,70.2817],[-87.757,70.3325],[-87.6133,70.2819],[-87.8664,70.2389],[-88.2506,70.3214],[-87.89,70.3219],[-88.8894,70.5289],[-89.4483,70.9025],[-89.1953,70.9683],[-89.5594,71.0903],[-88.6342,71.0525],[-88.0253,70.9305],[-87.0028,70.9941],[-87.7128,71.1261],[-87.8489,71.185],[-87.8295,71.2619],[-88.0844,71.2067],[-89.8997,71.3514],[-90.0404,71.5977],[-89.7958,71.7597],[-90.1195,71.9264],[-90.0,72.0571],[-89.5747,72.1636],[-89.8972,72.1886],[-89.9567,72.3217],[-89.8275,72.3969],[-89.9075,72.4322],[-89.7814,72.4269],[-89.898,72.4354],[-89.7936,72.4628],[-89.7539,72.6056],[-89.4706,72.6661],[-89.5747,72.6989],[-89.5747,72.7853],[-89.2455,72.7853],[-89.4144,72.8253],[-89.2958,72.9194],[-89.3614,72.9917],[-89.2053,73.0136],[-89.3089,73.0483],[-89.0878,73.2072],[-88.8881,73.2128],[-89.0467,73.2466],[-88.6189,73.2803],[-88.8569,73.3361],[-88.0747,73.6278],[-87.4567,73.7603],[-86.5483,73.8505],[-85.2394,73.8217],[-84.8378,73.7417],[-85.9153,73.3661],[-86.6536,72.8689],[-86.7405,72.7278],[-86.2408,72.4203],[-86.4358,72.2703],[-86.4205,72.0128],[-86.1105,71.7831],[-85.5008,71.5111],[-84.9347,71.4183],[-84.9511,71.3408],[-84.8328,71.2789],[-85.2542,71.2875],[-85.1725,71.2725],[-86.82,70.9886],[-86.2703,71.0028],[-85.4117,71.1744],[-84.8753,71.1728],[-84.8758,71.07],[-85.1274,71.0875],[-84.9603,71.0722],[-84.9586,70.9194],[-84.7936,70.9267],[-84.8014,71.1833],[-84.6656,71.2172],[-84.7931,71.2781],[-84.7625,71.4066],[-84.5261,71.4689],[-84.6583,71.5839],[-84.6067,71.6494],[-85.2797,71.6686],[-85.5797,71.785],[-85.4328,71.8064],[-85.5597,71.9005],[-86.0228,71.9806],[-86.0508,72.0111],[-85.5095,72.068],[-85.5406,72.1242],[-85.3967,72.1375],[-85.5092,72.1789],[-85.5381,72.2353],[-85.4178,72.2203],[-85.4708,72.2625],[-84.92,72.2328],[-84.2739,72.0225],[-84.1847,71.9305],[-84.1647,72.0211],[-84.9333,72.2844],[-84.4422,72.383],[-84.8642,72.3669],[-84.7769,72.4583],[-85.1272,72.3519],[-85.5353,72.4697],[-85.6172,72.5455],[-85.4756,72.5753],[-85.7053,72.6378],[-85.688,72.8936],[-85.5706,72.9669],[-85.2831,72.9644],[-83.9553,72.7483],[-85.1292,73.0314],[-85.5353,73.0219],[-85.407,73.1364],[-85.1422,73.0475],[-85.2292,73.123],[-85.1484,73.1417],[-83.6345,72.9825],[-85.1886,73.2289],[-85.1342,73.3055],[-84.7869,73.388],[-84.3553,73.223],[-84.6561,73.3905],[-84.1714,73.4753],[-83.7519,73.4275],[-83.6006,73.2975],[-83.6525,73.4453],[-84.007,73.5097],[-82.8408,73.7328],[-81.5725,73.7197],[-81.2631,73.5641],[-81.1803,73.4153],[-81.2047,73.2667],[-80.5964,73.148],[-80.5494,73.0819],[-80.6383,72.9228],[-80.2475,72.7306],[-81.3794,72.2417],[-80.5164,72.5039],[-80.5142,72.3797],[-80.9692,72.2],[-80.5672,72.0728],[-81.0867,72.0467],[-80.7928,72.0278],[-80.9503,71.8811],[-80.385,72.0483],[-80.3472,72.0883],[-80.4867,72.1894],[-80.2411,72.1977],[-80.3064,72.2553],[-80.2608,72.295],[-79.6744,72.1266],[-80.1644,72.3275],[-79.8369,72.4986],[-79.6922,72.4669],[-79.7692,72.4122],[-79.5956,72.3347],[-79.75,72.2156],[-79.5658,72.2753],[-79.4506,72.195],[-79.5436,72.2858],[-79.3297,72.3972],[-78.9486,72.273],[-79.0364,72.0694],[-79.2331,71.9764],[-78.5083,71.8764],[-78.9236,72.015],[-78.8544,72.173],[-78.4761,72.0872],[-78.3819,71.928],[-78.185,71.8175],[-77.9044,71.7681],[-78.3053,71.9469],[-78.157,71.9683],[-77.7595,71.75],[-77.698,71.8119],[-78.1164,71.9769],[-78.3225,71.9858],[-78.4369,72.1175],[-78.8605,72.2353],[-78.7492,72.2803],[-78.7928,72.3378],[-78.6042,72.3594],[-78.4083,72.1664],[-78.4683,72.315],[-77.6653,72.2047],[-77.6572,72.0941],[-77.5889,72.1814],[-76.9972,72.128],[-78.5592,72.438],[-78.4306,72.5866],[-77.6139,72.7517],[-76.7531,72.7205],[-76.6817,72.6425],[-76.1669,72.5864],[-76.1078,72.473],[-75.932,72.5836],[-75.2317,72.5005],[-74.9475,72.2497],[-75.2383,72.1183],[-75.6075,72.1433],[-76.015,72.0866],[-76.4106,71.8592],[-75.7967,72.1036],[-75.2211,72.0647],[-75.6064,71.9894],[-75.8025,71.7505],[-76.0961,71.6975],[-75.8803,71.7025],[-75.655,71.8261],[-75.5583,71.9766],[-75.1978,72.0233],[-75.0358,72.1258],[-74.2442,72.073],[-74.1178,71.97],[-74.23,71.8228],[-75.39,71.6811],[-74.9336,71.6639],[-75.4064,71.5122],[-74.6728,71.6925],[-74.6319,71.6464],[-74.7131,71.5839],[-75.0,71.5356],[-75.1522,71.4661],[-74.8383,71.5219],[-74.9256,71.4542],[-74.6994,71.3908],[-75.065,71.1808],[-74.6375,71.3805],[-74.7361,71.5305],[-74.5228,71.6622],[-74.1092,71.7358],[-74.2545,71.6066],[-74.1564,71.5322],[-74.2164,71.6128],[-73.9778,71.7597],[-73.7045,71.775],[-73.6861,71.7189],[-73.6042,71.7722],[-73.62,71.7161],[-73.9855,71.5341],[-73.9889,71.4614],[-74.3192,71.4094],[-74.0286,71.4378],[-74.0639,71.3369],[-74.1792,71.3064],[-74.0917,71.2855],[-74.235,71.1983],[-73.9967,71.3242],[-73.8678,71.5258],[-73.6219,71.5833],[-73.565,71.5519],[-73.635,71.3594],[-73.447,71.4403],[-73.3803,71.3853],[-73.682,71.2461],[-73.7358,71.0933],[-73.8984,71.0575],[-73.6744,71.0883],[-73.6236,71.2255],[-73.4361,71.3406],[-73.0494,71.2683],[-73.2719,71.2205],[-73.2944,71.0925],[-73.4508,71.0353],[-73.3775,70.9806],[-73.3994,71.0419],[-73.197,71.1347],[-73.1803,71.2116],[-72.995,71.25],[-72.9514,71.3161],[-72.9933,71.4019],[-72.7592,71.4269],[-72.8381,71.5064],[-72.6497,71.5369],[-72.5575,71.6603],[-71.5542,71.5039],[-71.1233,71.2717],[-71.4644,71.0625],[-71.9108,71.1078],[-72.0997,71.0639],[-72.3342,70.8786],[-72.7717,70.8158],[-72.1636,70.8364],[-72.3819,70.6772],[-72.6233,70.628],[-72.5425,70.61],[-72.3261,70.6672],[-72.1855,70.7664],[-71.1855,70.8519],[-71.2892,70.9089],[-71.2083,71.005],[-70.8361,71.1144],[-70.6139,71.0622],[-70.5144,70.9211],[-70.7267,70.83],[-70.7469,70.7455],[-71.1753,70.5836],[-71.5928,70.6069],[-71.7489,70.4444],[-71.9606,70.4208],[-71.7272,70.4175],[-71.8369,70.29],[-71.507,70.5764],[-71.1678,70.5319],[-71.3225,70.3128],[-71.2853,70.2514],[-71.5358,70.0197],[-71.2106,70.2622],[-71.0608,70.5203],[-70.99,70.5244],[-71.053,70.553],[-70.9972,70.6258],[-69.8928,70.8833],[-69.7711,70.8575],[-70.0847,70.6836],[-70.4547,70.6278],[-70.3975,70.5241],[-70.4778,70.4755],[-70.308,70.4989],[-70.3939,70.6119],[-70.0272,70.5897],[-69.4514,70.7919],[-68.2842,70.5405],[-68.4586,70.3694],[-68.5758,70.3961],[-68.5825,70.4644],[-68.6825,70.3294],[-69.6681,70.1986],[-70.1855,70.0281],[-69.9011,70.0483],[-69.8156,69.9847],[-70.1486,69.9622],[-70.4506,69.8572],[-69.7772,69.9636],[-69.7928,70.0808],[-69.6758,70.1397],[-69.0147,70.183],[-69.1294,70.2147],[-68.6425,70.1494],[-69.4269,69.8197],[-69.8058,69.82],[-69.9828,69.6155],[-69.7419,69.8036],[-69.3958,69.7778],[-69.0767,69.9239],[-68.6397,69.94],[-68.5653,70.0494],[-68.2072,70.1094],[-68.3453,70.188],[-68.1511,70.3139],[-67.7947,70.2589],[-67.2425,69.9583],[-67.1178,69.7264],[-67.9961,69.7744],[-68.3295,69.6278],[-70.0353,69.5372],[-69.3,69.5061],[-68.6683,69.5908],[-67.9822,69.4575],[-67.2583,69.4675],[-66.7955,69.3411],[-66.6467,69.2036],[-66.7586,69.128],[-67.6764,69.1694],[-68.1845,69.308],[-68.9844,69.3569],[-69.2578,69.2703],[-68.9411,69.3325],[-68.0775,69.2175],[-68.9678,69.2211],[-68.5025,69.1986],[-69.0756,69.1058],[-68.9269,69.0983],[-69.0289,68.9714],[-68.8725,69.085],[-68.5064,69.1617],[-68.1783,69.1467],[-67.7058,69.0164],[-68.3142,69.0105],[-68.5561,68.9642],[-68.0483,68.9439],[-68.0897,68.9014],[-67.9775,68.8556],[-68.4858,68.8903],[-67.7714,68.7814],[-69.3944,68.8578],[-68.9575,68.7905],[-68.9708,68.7378],[-68.0494,68.6817],[-68.1683,68.6689],[-68.0945,68.6278],[-68.6578,68.6564],[-68.9025,68.6036],[-67.9228,68.5508],[-67.9586,68.3961],[-67.8644,68.5494],[-67.6699,68.5613],[-67.4922,68.5272],[-67.6281,68.4964],[-67.6125,68.3794],[-67.5533,68.4889],[-67.1917,68.4264],[-67.3244,68.4078],[-67.105,68.4141],[-67.1128,68.4789],[-66.6636,68.4325],[-67.0111,68.3536],[-67.4083,68.3933],[-67.7814,68.3372],[-67.8697,68.26],[-67.5361,68.3417],[-67.6953,68.2425],[-67.5708,68.2531],[-67.3947,68.3542],[-67.0161,68.3186],[-67.2358,68.2944],[-67.3878,68.1464],[-67.5989,68.165],[-67.397,68.1247],[-67.2747,68.2441],[-67.0114,68.295],[-66.7658,68.2386],[-66.9656,68.0639],[-66.9467,68.0136],[-66.6944,68.1431],[-66.735,67.9822],[-66.5947,68.1431],[-66.3094,68.1275],[-66.4606,68.0705],[-66.1844,68.0133],[-66.3208,67.9789],[-66.3989,67.8686],[-66.7469,67.8753],[-66.3864,67.7722],[-66.2767,67.9544],[-65.9478,68.0408],[-65.9119,68.1589],[-65.8536,68.0733],[-66.0322,67.9525],[-65.9417,67.8803],[-66.0086,67.6255],[-65.9533,67.8214],[-65.7636,67.91],[-65.8178,67.968],[-65.4436,67.9922],[-65.6139,67.7808],[-65.3567,67.5947],[-65.3692,67.7028],[-65.5544,67.788],[-65.407,67.9225],[-65.0011,68.0555],[-64.7136,67.9817],[-65.067,67.9311],[-64.9425,67.9125],[-65.1131,67.8578],[-65.1392,67.7905],[-65.0083,67.7853],[-65.1583,67.7297],[-65.2003,67.6439],[-64.9197,67.7908],[-64.8105,67.7772],[-64.8206,67.6883],[-64.75,67.8228],[-64.5681,67.82],[-64.3639,67.7544],[-64.6392,67.6605],[-64.3056,67.7336],[-64.2042,67.6647],[-64.2858,67.6189],[-64.09,67.6208],[-64.0397,67.5336],[-64.4406,67.475],[-63.9933,67.4491],[-63.94,67.3644],[-64.0003,67.3267],[-63.9081,67.3105],[-64.7975,67.3566],[-64.2319,67.2933],[-64.8161,67.2069],[-64.7833,67.1903],[-63.9628,67.2725],[-64.6119,67.1325],[-64.697,67.0033],[-64.5064,67.1294],[-63.89,67.235],[-63.4505,67.2225],[-63.5294,67.1044],[-63.8064,66.9958],[-63.7725,66.9589],[-63.4028,67.1444],[-63.3325,67.2819],[-63.2153,67.3003],[-63.255,67.2466],[-63.1103,67.33],[-62.9708,67.2214],[-63.2845,67.1053],[-63.2408,66.9616],[-63.8217,66.8158],[-63.5394,66.8147],[-63.4417,66.9083],[-63.4203,66.6989],[-63.3203,66.8141],[-63.3483,66.8908],[-62.847,66.9619],[-62.8997,66.6367],[-62.7342,66.7908],[-62.7431,66.9419],[-62.5689,66.9441],[-62.3133,66.7269],[-62.4272,66.9211],[-62.2611,66.948],[-62.2625,67.0453],[-62.0544,67.0491],[-62.0056,67.0353],[-62.1022,66.913],[-61.7497,66.948],[-62.0081,66.8678],[-61.6128,66.8708],[-61.7267,66.8236],[-61.4575,66.7761],[-61.2828,66.6169],[-61.4478,66.5383]],[[-64.71,65.6522],[-64.8533,65.6547],[-64.9936,65.548],[-64.71,65.6522]]],[[[-66.33,82.9339],[-66.8767,82.8072],[-68.6425,82.6286],[-66.6625,82.7097],[-65.7678,82.843],[-65.1644,82.763],[-65.3531,82.7972],[-65.1028,82.848],[-65.3075,82.8655],[-64.8356,82.9069],[-64.6642,82.8903],[-64.9236,82.8647],[-64.4453,82.7619],[-64.1031,82.8317],[-63.3892,82.805],[-63.8503,82.7158],[-62.9261,82.5761],[-63.0894,82.4664],[-63.37,82.4389],[-62.1717,82.5255],[-62.3528,82.4811],[-61.6081,82.4804],[-61.1314,82.3775],[-61.0786,82.3011],[-61.4636,82.1725],[-62.0239,82.1358],[-61.87,82.1066],[-62.2542,82.02],[-63.7611,81.8117],[-64.3253,81.8247],[-64.1181,81.7644],[-64.3728,81.7208],[-65.3558,81.7611],[-66.0386,81.6925],[-65.3525,81.6919],[-65.7894,81.6322],[-68.1567,81.5611],[-69.2914,81.7189],[-68.3708,81.5536],[-68.8569,81.5478],[-68.5795,81.5144],[-67.1078,81.565],[-66.6086,81.5128],[-70.2064,81.1797],[-69.6381,81.1775],[-69.9953,81.0994],[-65.7247,81.4939],[-64.5664,81.5455],[-64.4364,81.4794],[-67.2086,80.9419],[-67.5914,80.933],[-67.5308,80.8975],[-68.9586,80.6175],[-68.8931,80.5906],[-69.5964,80.3611],[-70.2844,80.3511],[-70.22,80.4169],[-70.3142,80.4644],[-70.8125,80.5628],[-70.3711,80.4091],[-70.4483,80.3403],[-69.9606,80.2564],[-70.1786,80.1891],[-71.6944,80.1108],[-72.4003,80.2186],[-71.8956,80.1142],[-72.3917,80.0855],[-72.3406,80.0591],[-70.5078,80.0997],[-70.7195,79.9864],[-71.4606,79.9014],[-70.9103,79.8858],[-71.1361,79.785],[-72.2672,79.6591],[-72.9328,79.7064],[-73.0628,79.7994],[-72.9025,79.8153],[-74.1175,79.8889],[-74.8464,79.8472],[-73.3489,79.7661],[-73.1258,79.5583],[-73.7581,79.5003],[-73.965,79.5547],[-73.9833,79.4556],[-74.1983,79.4361],[-74.9644,79.513],[-75.0594,79.4839],[-74.8831,79.4083],[-75.0583,79.3739],[-77.1425,79.5475],[-77.1914,79.5111],[-76.1792,79.4597],[-76.1575,79.3917],[-75.89,79.348],[-76.8697,79.3494],[-77.14,79.4647],[-77.3975,79.4472],[-77.1639,79.3247],[-78.0514,79.3547],[-77.3222,79.2675],[-77.4881,79.245],[-74.4969,79.225],[-74.8269,79.1741],[-74.4367,79.0577],[-75.6556,79.0683],[-76.0981,79.1991],[-78.1589,79.19],[-78.2286,79.1605],[-76.0819,79.0997],[-76.1705,79.0758],[-77.495,79.0178],[-77.8,79.0667],[-78.3511,79.0864],[-78.8914,79.0633],[-77.7083,79.013],[-77.9542,78.9589],[-78.29,78.7991],[-78.248,78.7703],[-77.7119,78.9661],[-76.7542,79.0278],[-75.7203,78.9656],[-76.4461,78.8639],[-74.9111,78.8508],[-74.7606,78.8236],[-74.9072,78.7841],[-74.7197,78.7075],[-74.8711,78.6383],[-74.6333,78.5878],[-75.4794,78.51],[-76.6844,78.5222],[-75.4436,78.4305],[-75.0314,78.3314],[-75.6136,78.198],[-76.9083,78.1955],[-75.5814,78.1158],[-75.9228,77.9567],[-76.2147,78.0153],[-76.9311,77.9014],[-78.2608,77.9952],[-78.1833,77.9633],[-78.4197,77.8989],[-77.9586,77.8022],[-78.0517,77.7297],[-77.9811,77.7014],[-78.0814,77.6733],[-77.7231,77.5992],[-77.9806,77.5547],[-77.9486,77.5019],[-78.2783,77.4292],[-78.2567,77.3819],[-78.7772,77.3072],[-78.8397,77.3103],[-78.7269,77.3675],[-80.0425,77.2728],[-80.7533,77.3306],[-81.5736,77.5128],[-81.9283,77.6858],[-81.9114,77.6094],[-81.6705,77.5317],[-81.7289,77.43],[-81.1658,77.3372],[-82.1944,77.2997],[-81.7869,77.1575],[-81.0764,77.2831],[-80.1161,77.2014],[-80.373,77.0714],[-79.7258,77.24],[-79.255,77.2186],[-79.005,77.0969],[-79.3869,76.9275],[-78.8861,76.9269],[-78.9647,76.8417],[-78.7219,76.8214],[-78.3845,76.9997],[-78.0703,77.0144],[-77.715,76.8211],[-77.7894,76.7817],[-77.7694,76.6583],[-78.0897,76.6094],[-78.1861,76.5597],[-78.1389,76.5258],[-78.3775,76.458],[-78.6147,76.49],[-78.5656,76.5639],[-78.7906,76.5717],[-79.2728,76.3042],[-81.0758,76.1292],[-80.9536,76.1911],[-81.0956,76.2122],[-80.7717,76.4191],[-81.2186,76.4986],[-81.2081,76.5536],[-81.4925,76.4694],[-82.0397,76.5094],[-81.9819,76.5847],[-82.0567,76.6092],[-81.7858,76.6855],[-82.2925,76.6355],[-82.7497,76.8186],[-82.4606,76.6361],[-82.0811,76.5611],[-82.2222,76.5328],[-82.1272,76.4417],[-82.7996,76.3872],[-83.0997,76.4639],[-83.11,76.58],[-83.3881,76.6711],[-83.38,76.7589],[-83.5233,76.7008],[-83.2464,76.5728],[-83.1844,76.425],[-83.7106,76.433],[-84.2844,76.6578],[-84.193,76.61],[-84.2369,76.4436],[-84.6369,76.4344],[-85.0283,76.575],[-84.9603,76.4205],[-84.4292,76.303],[-85.1947,76.2811],[-86.3722,76.3864],[-86.4186,76.4691],[-86.2119,76.5353],[-86.6303,76.6351],[-86.3014,76.5247],[-86.6556,76.4672],[-86.7167,76.3461],[-87.423,76.4569],[-87.3942,76.5031],[-87.5369,76.6175],[-87.5986,76.5408],[-87.4931,76.5039],[-87.5536,76.4511],[-87.4164,76.348],[-88.3511,76.385],[-88.4383,76.4642],[-88.3494,76.5144],[-88.5242,76.6244],[-88.5189,76.8161],[-88.7045,76.7103],[-88.5844,76.6358],[-88.6606,76.6],[-88.4955,76.5522],[-88.608,76.4],[-88.6933,76.4208],[-88.6103,76.4828],[-88.7336,76.5939],[-88.8328,76.4989],[-88.7814,76.4664],[-88.9211,76.4053],[-89.6767,76.5672],[-89.4117,76.6803],[-89.5333,76.8536],[-88.3936,77.0961],[-88.5458,77.1003],[-86.6142,77.1805],[-87.2106,77.2053],[-86.9106,77.2603],[-87.2489,77.3033],[-86.8519,77.3605],[-87.7119,77.36],[-87.7847,77.4297],[-87.6425,77.4803],[-87.6944,77.5372],[-88.2147,77.6505],[-88.1503,77.7255],[-88.2328,77.7689],[-88.1039,77.8136],[-88.2231,77.8556],[-87.2314,77.8989],[-86.4222,77.8308],[-85.9753,77.7058],[-85.7189,77.4722],[-85.7944,77.4197],[-85.5039,77.4747],[-85.3997,77.3958],[-84.5292,77.2958],[-84.4633,77.3003],[-84.615,77.383],[-83.4647,77.3483],[-83.8356,77.4553],[-83.1803,77.5922],[-82.5475,77.9158],[-82.5917,78.0175],[-82.3186,78.0708],[-82.7803,78.015],[-82.7361,77.9241],[-83.4272,77.6008],[-83.873,77.4933],[-84.8589,77.5428],[-84.4311,77.7264],[-84.9525,77.6014],[-85.3489,77.7289],[-84.9553,77.8358],[-85.3897,77.8419],[-84.3136,77.8919],[-85.4747,77.8686],[-85.6789,77.9294],[-85.0656,78.0564],[-84.7617,78.0236],[-84.2881,78.0755],[-85.0945,78.0975],[-85.0336,78.1717],[-84.0261,78.1764],[-84.9739,78.2086],[-84.8344,78.315],[-84.5728,78.3505],[-84.8669,78.3691],[-84.6195,78.5883],[-84.6753,78.5883],[-84.9783,78.415],[-85.0247,78.2844],[-85.5081,78.0992],[-86.2883,78.0764],[-86.2514,78.1566],[-85.9311,78.2366],[-85.8331,78.38],[-86.0736,78.2486],[-86.7369,78.118],[-87.5292,78.1322],[-87.0872,78.2061],[-87.5133,78.225],[-87.5172,78.4264],[-87.1406,78.5503],[-86.8583,78.5478],[-87.1225,78.5872],[-86.9344,78.71],[-86.6389,78.7994],[-85.0642,78.9191],[-83.7469,78.8369],[-82.3083,78.5689],[-82.2355,78.5958],[-82.5945,78.703],[-82.2319,78.7364],[-82.7814,78.7311],[-83.2547,78.835],[-81.7125,78.8397],[-81.657,78.8883],[-81.7558,78.9181],[-81.6986,78.9739],[-81.4867,79.0525],[-82.5031,78.8828],[-84.767,79.0372],[-84.5286,79.1433],[-83.8964,79.038],[-83.4747,79.0241],[-83.3586,79.0508],[-84.0292,79.1569],[-83.9567,79.2219],[-84.3269,79.1886],[-84.4847,79.4064],[-84.8825,79.4861],[-85.0503,79.6216],[-86.4864,79.7636],[-86.38,79.8214],[-86.4719,79.8905],[-86.3672,79.9628],[-85.255,79.9208],[-86.4828,80.0086],[-86.6594,80.128],[-86.5147,80.2991],[-83.782,80.2458],[-82.1531,79.8589],[-81.9789,79.7183],[-81.6711,79.6875],[-81.6186,79.6183],[-81.7853,79.615],[-81.7067,79.5866],[-81.4247,79.6367],[-80.5981,79.5661],[-79.9047,79.6469],[-79.7514,79.7014],[-80.8275,79.6483],[-81.525,79.7144],[-81.63,79.7644],[-81.5678,79.8147],[-81.6631,79.9031],[-81.4003,79.9378],[-82.1683,80.0136],[-83.2039,80.318],[-80.1533,80.5264],[-78.0639,80.5647],[-79.9603,80.6147],[-78.5853,80.7722],[-76.5117,80.8544],[-78.935,80.8755],[-78.8583,80.9241],[-78.9286,80.9905],[-78.3931,81.1428],[-78.4636,81.1608],[-76.7778,81.4444],[-78.2283,81.2917],[-78.8175,81.1061],[-79.5017,81.1936],[-79.0888,81.0948],[-79.3439,80.9983],[-79.1653,80.9667],[-79.6181,80.8194],[-80.9194,80.6555],[-83.0967,80.5417],[-83.1681,80.5767],[-83.0781,80.645],[-81.7589,80.813],[-83.3569,80.6855],[-83.5695,80.7392],[-83.1331,80.8189],[-83.257,80.8386],[-83.8639,80.7575],[-83.72,80.6367],[-83.8406,80.5455],[-85.067,80.5053],[-85.8642,80.5355],[-85.5647,80.6194],[-86.0808,80.5283],[-86.7392,80.5975],[-85.7742,80.9489],[-82.3644,81.1794],[-85.6089,81.0542],[-87.4581,80.6278],[-89.4622,80.9191],[-88.5903,80.9964],[-86.6719,81.0053],[-85.8389,81.0753],[-85.9142,81.1008],[-84.7458,81.2894],[-87.3794,81.0703],[-89.6292,81.0092],[-90.1978,81.0697],[-90.3519,81.1675],[-90.0,81.2422],[-89.4911,81.2064],[-88.9442,81.2441],[-89.9525,81.3294],[-88.7158,81.513],[-87.2447,81.4903],[-88.3064,81.5814],[-90.443,81.3667],[-90.8567,81.4441],[-89.5862,81.6211],[-90.0917,81.6233],[-90.0331,81.6469],[-90.297,81.6986],[-90.3608,81.6853],[-90.2928,81.6414],[-90.7189,81.6667],[-91.0717,81.5372],[-91.4464,81.5244],[-91.4442,81.5836],[-91.9567,81.6586],[-90.3381,81.8931],[-89.7008,81.9155],[-89.333,81.8057],[-89.1467,81.8905],[-89.3978,81.9308],[-89.0072,81.9155],[-89.0544,81.9875],[-88.0756,82.105],[-87.3528,82.0672],[-87.1744,82.0147],[-87.3094,81.9675],[-86.7683,81.8903],[-87.1303,81.9683],[-86.8428,81.9872],[-87.0097,82.0305],[-86.7919,82.058],[-86.1692,82.0417],[-85.4225,81.8575],[-85.3717,81.8597],[-85.7319,81.9833],[-85.1883,81.9928],[-84.7939,81.8814],[-85.0661,81.9875],[-84.8892,81.9903],[-84.8119,81.9275],[-84.605,81.89],[-84.9325,82.0194],[-86.6375,82.1244],[-86.8761,82.2022],[-85.3708,82.28],[-85.5372,82.3453],[-85.5153,82.4033],[-85.9119,82.4358],[-85.047,82.4819],[-84.6417,82.4656],[-84.9439,82.4258],[-84.3445,82.3528],[-83.5164,82.3169],[-82.9767,82.1383],[-83.1119,82.0653],[-81.8781,82.0364],[-82.6769,82.1078],[-83.0289,82.2767],[-82.6544,82.2822],[-79.2292,81.8161],[-79.9214,81.985],[-79.8533,82.0189],[-80.7911,82.0794],[-80.9756,82.1236],[-80.8681,82.155],[-81.6244,82.2],[-82.7289,82.4083],[-82.4983,82.5064],[-81.4758,82.4986],[-82.3947,82.6175],[-81.9722,82.6664],[-80.5817,82.5431],[-81.585,82.8008],[-81.4114,82.8278],[-80.3811,82.7889],[-79.8617,82.6442],[-79.9833,82.6891],[-78.5211,82.6769],[-79.623,82.7278],[-79.9969,82.8033],[-79.6739,82.8247],[-80.4297,82.8942],[-79.4583,82.9742],[-79.0428,82.8725],[-78.6711,82.9455],[-78.5033,82.9133],[-78.5344,82.8478],[-78.1442,82.8233],[-78.2389,82.8653],[-77.813,82.9244],[-77.1283,82.8633],[-76.5706,82.6667],[-75.8922,82.5919],[-76.2308,82.4447],[-75.3961,82.6147],[-76.2358,82.7122],[-76.3092,82.7528],[-75.9761,82.7847],[-76.4475,82.7975],[-77.3814,82.9944],[-74.4358,83.0272],[-73.8178,82.8528],[-72.6339,82.6944],[-72.5025,82.7244],[-73.6506,82.9258],[-72.6506,83.0964],[-71.6117,83.0961],[-71.7783,83.0017],[-70.8714,82.8811],[-71.4975,83.0072],[-71.12,83.0925],[-69.665,83.1083],[-69.7753,83.0478],[-69.4511,83.0358],[-69.6475,82.9922],[-69.0156,83.0408],[-68.9808,82.9825],[-68.1542,82.9911],[-68.1456,82.935],[-66.33,82.9339]]],[[[-95.4178,77.0569],[-94.2389,76.8894],[-93.6583,76.91],[-93.1797,76.7411],[-93.3067,76.5467],[-93.6519,76.4417],[-93.5483,76.3861],[-93.1089,76.6164],[-90.9861,76.6491],[-90.5825,76.5653],[-90.4681,76.473],[-91.5667,76.4989],[-89.1922,76.2422],[-90.4536,76.1705],[-90.1108,76.1242],[-91.6136,76.2622],[-91.2578,76.2044],[-91.3856,76.1425],[-90.6797,76.1172],[-90.8489,76.0608],[-90.1906,76.0611],[-91.1608,76.0181],[-90.9378,76.0003],[-91.0744,75.9866],[-90.9386,75.9514],[-91.1294,75.9086],[-91.13,75.8392],[-90.7939,75.9947],[-90.4333,75.9703],[-90.5047,75.8953],[-90.0,76.0096],[-89.6875,75.9],[-89.775,75.7875],[-89.5875,75.8592],[-89.1642,75.7747],[-89.2539,75.6311],[-89.7653,75.5755],[-89.2172,75.585],[-88.9639,75.4319],[-88.7797,75.4325],[-88.9022,75.6047],[-88.7389,75.6794],[-88.2036,75.5311],[-88.2631,75.4761],[-87.7489,75.5783],[-87.4955,75.4858],[-87.6064,75.4497],[-87.5336,75.4461],[-87.4164,75.4853],[-87.5133,75.5594],[-87.2511,75.6211],[-86.3755,75.4275],[-86.5967,75.3616],[-85.5272,75.4011],[-86.1431,75.508],[-85.5397,75.5994],[-85.2322,75.5586],[-85.3217,75.5744],[-85.0392,75.6578],[-84.4975,75.6317],[-84.6636,75.6861],[-83.9208,75.8036],[-84.0025,75.8208],[-83.0994,75.7322],[-82.3272,75.8369],[-81.1181,75.7755],[-81.2711,75.6514],[-80.317,75.6305],[-79.9536,75.5403],[-80.373,75.463],[-79.5864,75.4547],[-79.6825,75.4308],[-79.4886,75.3625],[-79.6119,75.2983],[-79.4425,75.2772],[-79.6294,75.175],[-80.4406,75.038],[-80.1739,74.9825],[-80.2661,74.9466],[-79.6139,75.02],[-79.3358,74.8892],[-79.9306,74.8133],[-80.3217,74.9378],[-80.4161,74.8889],[-80.0978,74.8203],[-80.2469,74.7575],[-80.1303,74.7156],[-80.248,74.5761],[-81.2192,74.5714],[-81.8108,74.4569],[-82.4567,74.5172],[-82.3822,74.5411],[-82.4355,74.5703],[-82.6153,74.5111],[-82.9142,74.5491],[-83.1239,74.685],[-83.0231,74.7805],[-83.0817,74.818],[-83.5281,74.9017],[-83.3195,74.7675],[-83.4547,74.5911],[-83.6117,74.5408],[-84.8994,74.5033],[-84.9905,74.698],[-85.0725,74.6411],[-85.0436,74.5233],[-85.2595,74.4905],[-85.3636,74.5019],[-85.5272,74.6889],[-85.4803,74.5372],[-85.5808,74.4983],[-86.1208,74.4822],[-86.0828,74.5553],[-86.1975,74.6153],[-86.2447,74.5239],[-86.4233,74.4789],[-86.7853,74.6169],[-86.7944,74.54],[-86.6042,74.468],[-87.3208,74.4766],[-87.3739,74.5192],[-87.3094,74.5458],[-87.5747,74.4619],[-88.5353,74.5036],[-88.5608,74.593],[-88.4317,74.7625],[-88.2933,74.7725],[-88.4872,74.7914],[-88.4436,74.8386],[-88.5478,74.9078],[-88.8356,74.6614],[-88.9097,74.7778],[-89.0886,74.8372],[-89.0111,74.7808],[-89.0475,74.7225],[-89.2711,74.7547],[-89.0958,74.688],[-89.1853,74.5875],[-89.9286,74.5308],[-90.5897,74.6133],[-90.7317,74.6641],[-90.7211,74.7322],[-91.0247,74.7028],[-90.7581,74.8311],[-90.7722,74.885],[-91.2258,74.7336],[-91.1067,74.6258],[-91.2814,74.6336],[-91.3147,74.7161],[-91.3819,74.6411],[-91.6761,74.6719],[-91.6203,74.705],[-91.8511,74.6989],[-91.8122,74.7344],[-92.0664,74.8133],[-92.0153,74.9136],[-92.2289,75.0711],[-92.03,75.0864],[-92.1128,75.1289],[-92.0514,75.1469],[-92.5036,75.218],[-92.3286,75.3694],[-92.4586,75.3689],[-92.4031,75.4361],[-92.005,75.595],[-92.1744,75.7444],[-92.1086,75.8589],[-92.6292,76.0089],[-92.6372,76.1158],[-93.0615,76.3448],[-93.7639,76.2864],[-93.6375,76.2586],[-93.69,76.2489],[-94.7206,76.3155],[-95.0333,76.2208],[-95.3869,76.2358],[-95.3669,76.3014],[-94.8142,76.3292],[-95.8314,76.395],[-96.1069,76.4944],[-95.7786,76.5189],[-95.5878,76.6036],[-96.017,76.5491],[-96.4703,76.6855],[-96.9467,76.7236],[-96.855,76.813],[-96.6733,76.7483],[-96.3056,76.7539],[-96.5833,76.7719],[-96.3206,76.8066],[-96.8658,76.898],[-96.6592,76.9491],[-96.8278,76.9689],[-95.4178,77.0569]]],[[[-86.1717,64.823],[-86.225,65.0036],[-86.1383,65.0944],[-86.1717,65.2789],[-86.0939,65.3616],[-86.1533,65.3847],[-86.0139,65.7092],[-85.5425,65.9333],[-85.4689,65.9139],[-85.4933,65.7953],[-85.1564,65.7767],[-85.1872,65.7214],[-85.0517,65.6069],[-85.3119,65.5378],[-85.015,65.4183],[-84.9247,65.2097],[-84.7925,65.2269],[-84.5619,65.4811],[-84.1511,65.3386],[-84.2308,65.2694],[-84.1414,65.22],[-83.4086,65.1355],[-83.2081,64.9455],[-82.7092,64.7764],[-82.0925,64.685],[-81.7631,64.5011],[-81.7772,64.3117],[-81.6003,64.2028],[-81.6025,64.13],[-81.9558,64.0619],[-81.9869,63.9942],[-81.3889,64.0972],[-80.9317,63.9919],[-80.9347,64.13],[-80.5225,63.9786],[-80.4922,63.9055],[-80.6636,63.8833],[-80.1717,63.7711],[-80.4542,63.7278],[-81.0764,63.4514],[-82.0525,63.6892],[-82.4722,63.6803],[-82.547,63.7647],[-82.3764,63.8175],[-82.3614,63.9053],[-82.5489,63.9692],[-83.0869,63.955],[-83.1453,64.0011],[-82.9617,64.1455],[-83.0197,64.1889],[-83.5483,64.1025],[-83.6822,64.0072],[-83.6042,63.9281],[-83.6372,63.7664],[-84.0997,63.6053],[-84.2828,63.6286],[-84.5861,63.308],[-85.2242,63.1208],[-85.4933,63.12],[-85.6381,63.245],[-85.5911,63.6175],[-85.7108,63.7675],[-86.245,63.6394],[-86.5961,63.6686],[-86.8792,63.5556],[-87.2172,63.6222],[-86.9344,63.9061],[-86.1894,64.1016],[-86.3547,64.29],[-86.4103,64.5828],[-86.1717,64.823]]],[[[-93.5167,81.0653],[-93.0958,81.1653],[-94.3817,81.2508],[-94.1539,81.3597],[-93.5683,81.3028],[-93.4831,81.3197],[-93.5175,81.385],[-92.1481,81.2364],[-91.8006,81.1533],[-91.7839,81.0836],[-91.9086,81.0705],[-91.5389,80.9817],[-91.1217,80.7547],[-90.5931,80.6408],[-90.7664,80.5655],[-89.7511,80.4644],[-89.8258,80.5186],[-89.245,80.5172],[-89.0592,80.4614],[-89.2572,80.3969],[-89.0758,80.3931],[-89.2514,80.2783],[-88.5347,80.0989],[-88.1456,80.0939],[-88.425,80.1861],[-88.2731,80.1955],[-88.7042,80.2841],[-88.6489,80.3936],[-87.6839,80.4103],[-87.5628,80.1792],[-88.0656,80.1208],[-87.8914,80.0555],[-87.2756,80.0669],[-87.0072,79.9461],[-87.4894,79.8414],[-86.9578,79.9036],[-87.1342,79.6453],[-87.4625,79.5347],[-87.31,79.5022],[-86.9667,79.6016],[-86.79,79.5389],[-86.695,79.5675],[-86.813,79.6119],[-86.7622,79.6317],[-86.3342,79.6455],[-86.0461,79.5689],[-86.1375,79.5192],[-86.0281,79.4747],[-86.1675,79.4578],[-86.0708,79.4341],[-85.9011,79.4936],[-85.8283,79.6075],[-85.682,79.6133],[-84.9042,79.2678],[-86.4225,79.0755],[-86.7022,78.9553],[-86.9833,79.0566],[-86.9525,78.9066],[-87.6158,78.6453],[-87.8728,78.695],[-88.0033,78.8072],[-87.97,78.9656],[-87.7461,79.0861],[-88.2025,78.9764],[-88.2297,78.8022],[-88.1303,78.6847],[-88.3519,78.6533],[-88.0242,78.6566],[-87.9083,78.5486],[-88.2342,78.4536],[-88.5594,78.6042],[-88.8042,78.6097],[-88.5356,78.413],[-88.8178,78.1544],[-89.1158,78.2008],[-90.0,78.6095],[-90.1008,78.5497],[-89.985,78.4361],[-89.748,78.3803],[-89.4525,78.1625],[-90.1861,78.3333],[-90.7445,78.323],[-90.3253,78.2717],[-90.3755,78.2408],[-90.2728,78.1769],[-90.465,78.1353],[-92.0833,78.2125],[-92.3239,78.2872],[-92.182,78.3197],[-92.5372,78.3105],[-92.9789,78.4833],[-91.6325,78.5394],[-92.8061,78.6336],[-93.2711,78.5842],[-93.4664,78.6458],[-93.3561,78.6794],[-93.8136,78.7658],[-93.0378,78.7658],[-93.8747,78.8336],[-94.2822,78.9689],[-93.6083,79.0517],[-93.3297,79.1644],[-90.3633,79.2468],[-92.4467,79.223],[-92.6947,79.2572],[-91.1292,79.3908],[-92.1811,79.3458],[-92.5717,79.3705],[-92.2592,79.4469],[-92.8761,79.4078],[-93.0906,79.4822],[-93.1444,79.4639],[-93.0214,79.3828],[-93.3742,79.3369],[-93.2297,79.4255],[-93.3381,79.4472],[-93.87,79.2639],[-94.2122,79.2767],[-93.8386,79.3928],[-94.3861,79.4214],[-94.5092,79.4164],[-94.39,79.3689],[-94.5067,79.3372],[-95.2353,79.2861],[-95.3186,79.3322],[-95.1639,79.3447],[-95.7717,79.4097],[-95.6717,79.4394],[-95.7783,79.4747],[-95.7364,79.5375],[-94.6994,79.6122],[-94.2828,79.7575],[-95.8533,79.6461],[-96.6094,79.8886],[-96.1381,79.9064],[-96.6794,80.0144],[-96.3917,80.0458],[-96.8028,80.0908],[-96.41,80.1389],[-94.4169,79.9789],[-94.8039,80.0928],[-94.12,80.183],[-94.5969,80.2242],[-95.3678,80.1183],[-95.6958,80.1783],[-95.2433,80.2436],[-95.9336,80.1944],[-96.6817,80.3422],[-95.4408,80.3383],[-96.0983,80.488],[-95.9339,80.5089],[-95.98,80.5847],[-93.7864,80.5255],[-94.6603,80.6514],[-94.1083,80.7189],[-95.5342,80.8189],[-95.1508,80.8811],[-95.4847,80.8991],[-94.905,81.0575],[-94.4342,80.9656],[-93.9064,81.0405],[-94.3417,81.1097],[-93.5167,81.0653]]],[[[-101.6214,73.4903],[-101.2172,73.6042],[-100.8903,73.5961],[-100.415,73.4181],[-100.6061,73.4972],[-100.5517,73.5989],[-100.9114,73.6228],[-100.858,73.6672],[-101.1183,73.7233],[-100.6484,73.8483],[-100.0267,73.7297],[-99.8431,73.8783],[-100.2922,73.8722],[-100.1425,73.9311],[-99.8008,73.9317],[-99.7853,73.8672],[-99.1892,73.6853],[-99.115,73.7486],[-98.1342,73.8097],[-97.9003,73.8961],[-97.2236,73.8564],[-96.9622,73.7386],[-96.9686,73.6333],[-97.6683,73.4833],[-97.1831,73.465],[-97.2489,73.4292],[-97.1719,73.3528],[-97.8414,73.2733],[-98.5103,73.0094],[-98.4425,72.9817],[-98.4458,72.8658],[-98.2272,72.9875],[-97.8469,73.0486],[-97.2833,72.9639],[-97.2581,72.8836],[-97.4153,72.8603],[-97.0297,72.7167],[-97.1967,72.6044],[-96.5367,72.7503],[-96.585,72.6939],[-96.4553,72.6405],[-96.2983,72.4158],[-96.8719,72.3211],[-96.5333,72.2369],[-96.4983,72.0903],[-96.8669,72.0411],[-96.4886,72.035],[-96.5225,71.9592],[-96.7644,71.915],[-96.4917,71.9261],[-96.5708,71.8194],[-96.7753,71.8436],[-97.505,71.6116],[-98.2075,71.6461],[-98.3597,71.728],[-98.2092,71.8892],[-98.2672,71.9042],[-98.4939,71.7139],[-98.0375,71.5267],[-98.4661,71.3133],[-98.7297,71.2705],[-98.9603,71.38],[-99.2381,71.345],[-99.4103,71.538],[-99.3692,71.5755],[-100.6345,72.1855],[-100.9514,72.1711],[-101.2206,72.3322],[-101.4025,72.2441],[-101.7769,72.2997],[-101.8903,72.3625],[-101.7758,72.3894],[-101.9164,72.4061],[-101.9633,72.4633],[-101.9117,72.4722],[-102.7417,72.7242],[-102.7631,72.7908],[-102.5011,73.0305],[-101.9622,73.0892],[-101.7689,73.0211],[-101.7328,72.9672],[-101.8178,72.9667],[-101.7411,72.9241],[-101.5411,72.9219],[-101.5953,72.9022],[-101.4667,72.8003],[-101.2944,72.79],[-101.4133,72.7483],[-101.3667,72.7253],[-100.448,72.7355],[-100.3244,72.8389],[-100.4167,72.8691],[-100.3881,72.945],[-100.4989,72.9505],[-100.4219,73.035],[-100.3094,73.0281],[-100.4078,73.0114],[-100.3814,72.9491],[-100.2556,72.9539],[-100.3261,72.878],[-100.0314,72.935],[-100.1764,72.9878],[-100.1064,73.0008],[-100.2206,73.0425],[-100.1772,73.0839],[-100.3239,73.0936],[-100.2322,73.1344],[-100.5239,73.0897],[-100.6078,73.1464],[-100.4728,73.1933],[-100.5447,73.2283],[-100.3611,73.2903],[-100.0375,73.1839],[-99.7717,73.208],[-100.3739,73.3958],[-100.3361,73.325],[-100.5836,73.2836],[-101.0861,73.3257],[-101.6214,73.4903]]],[[[-95.6839,73.4503],[-95.6328,73.5278],[-95.7003,73.5539],[-95.5411,73.5761],[-95.7233,73.64],[-95.6589,73.7325],[-95.2997,73.7711],[-94.9567,73.6591],[-94.6181,73.6514],[-95.0756,73.7733],[-95.1161,73.8066],[-94.9825,73.8455],[-95.1542,73.8236],[-95.3247,73.9525],[-94.7322,74.0953],[-93.9142,74.1361],[-93.765,74.0758],[-93.7308,74.1542],[-93.515,74.173],[-92.6381,74.103],[-92.3344,74.0314],[-92.3094,73.9408],[-91.5708,74.0258],[-90.2042,73.8883],[-90.3767,73.8558],[-90.3725,73.7897],[-90.765,73.5622],[-90.9897,73.5533],[-90.9303,73.4839],[-91.2622,73.2639],[-91.6345,73.2289],[-91.3678,73.2008],[-92.0661,72.7525],[-92.3933,72.7072],[-93.3114,72.8147],[-94.298,72.7703],[-94.3125,72.7156],[-93.7756,72.735],[-93.8172,72.6422],[-93.4633,72.4622],[-94.2283,72.04],[-94.0222,72.0594],[-94.063,71.9783],[-94.4497,72.0233],[-95.2078,71.9889],[-95.0836,72.0978],[-95.1967,72.1066],[-94.7522,72.1533],[-95.1711,72.1392],[-95.1597,72.3508],[-95.2361,72.4286],[-95.1333,72.4603],[-95.3161,72.5397],[-95.3644,72.6433],[-95.6022,72.7022],[-95.5131,72.7369],[-95.6661,72.8014],[-95.6228,72.9275],[-95.7186,72.9992],[-95.6575,73.1122],[-95.5,73.1286],[-95.6839,73.4503]]],[[[-99.8633,75.9355],[-100.2206,76.1322],[-99.7142,76.1144],[-99.4144,76.1583],[-100.4389,76.2125],[-100.5128,76.2492],[-99.8486,76.2839],[-100.1472,76.3803],[-100.6944,76.375],[-100.9825,76.505],[-100.3189,76.6355],[-99.6844,76.6333],[-99.1436,76.5017],[-99.2553,76.4536],[-99.0797,76.3972],[-99.1225,76.4611],[-98.8461,76.4361],[-99.0506,76.5361],[-99.0272,76.6011],[-98.7431,76.58],[-98.4831,76.6491],[-98.8525,76.6717],[-98.4803,76.6792],[-98.1517,76.5858],[-98.3578,76.5655],[-97.6628,76.4811],[-97.7836,76.3197],[-97.5092,76.1889],[-97.6564,75.9728],[-97.558,75.8644],[-97.9386,75.7414],[-97.3867,75.6827],[-97.4225,75.5064],[-97.2808,75.3969],[-97.7625,75.568],[-97.8569,75.5355],[-97.7453,75.4667],[-97.9325,75.5125],[-98.0556,75.4525],[-97.7747,75.423],[-98.0369,75.4122],[-97.8767,75.365],[-98.1647,75.3292],[-97.8942,75.3294],[-97.9958,75.2789],[-97.8875,75.3005],[-97.7436,75.225],[-97.8003,75.1939],[-97.5675,75.1475],[-97.6195,75.1186],[-97.8625,75.1111],[-98.0986,75.2228],[-98.1467,75.1639],[-97.9669,75.1042],[-97.95,75.0211],[-98.7483,74.99],[-98.8592,75.0617],[-99.4061,74.9933],[-99.2814,75.1225],[-99.5386,74.9742],[-100.3478,75.0169],[-100.3981,75.1586],[-100.5386,75.2047],[-99.9878,75.2361],[-100.7789,75.3505],[-100.4328,75.3753],[-100.6978,75.4364],[-100.0119,75.4614],[-100.307,75.4716],[-99.9511,75.4925],[-100.2831,75.515],[-99.6678,75.6111],[-99.8631,75.6144],[-99.8175,75.6553],[-98.89,75.6953],[-101.4955,75.6019],[-102.6683,75.4972],[-102.8778,75.6247],[-102.6322,75.6147],[-102.6892,75.6705],[-102.5389,75.7214],[-102.0092,75.703],[-102.2367,75.7441],[-102.0936,75.7911],[-102.3661,75.79],[-101.8644,75.9022],[-101.4597,75.7611],[-100.9111,75.8117],[-101.3478,75.775],[-101.3639,75.8478],[-101.5978,75.9197],[-101.3028,76.013],[-101.6783,75.9797],[-101.9072,76.0786],[-101.385,76.2489],[-102.1658,76.2383],[-102.0594,76.2792],[-102.1944,76.2894],[-101.9575,76.3575],[-102.0508,76.398],[-101.8622,76.4503],[-101.3158,76.4144],[-101.0583,76.3269],[-101.1406,76.2403],[-100.6255,76.1275],[-100.7272,76.0906],[-100.4175,76.1164],[-100.6211,76.0797],[-100.0711,75.9455],[-100.1453,75.908],[-99.9303,75.8736],[-99.4546,75.9748],[-99.8633,75.9355]]],[[[-99.455,69.1378],[-99.007,69.1364],[-98.7203,69.1939],[-98.6539,69.295],[-98.3933,69.308],[-98.6119,69.4441],[-98.4194,69.4714],[-98.6017,69.5208],[-98.5567,69.5808],[-98.0039,69.4358],[-98.3678,69.6011],[-98.282,69.7517],[-97.9742,69.8922],[-97.4581,69.7694],[-97.3411,69.7064],[-97.4894,69.6739],[-97.3914,69.5933],[-97.2739,69.6947],[-96.8792,69.4914],[-96.2183,69.3111],[-96.2297,69.0547],[-96.1189,69.0255],[-96.1558,69.1686],[-96.0478,69.2283],[-95.8336,68.8728],[-95.2069,68.8503],[-95.5353,68.6719],[-95.5939,68.7528],[-95.7906,68.7372],[-95.8525,68.6086],[-96.5036,68.4461],[-97.0992,68.5878],[-97.1811,68.5114],[-98.12,68.6708],[-98.2906,68.7555],[-98.2442,68.8222],[-98.3833,68.86],[-98.4003,68.7708],[-98.5194,68.7475],[-98.8594,68.8292],[-98.8494,68.9336],[-99.1181,68.9211],[-99.0442,68.8597],[-99.1886,68.8242],[-99.4378,68.8911],[-99.5799,69.0439],[-99.455,69.1378]]],[[[-103.3189,78.7403],[-104.1989,78.7703],[-103.8217,78.8983],[-104.2036,78.9917],[-105.0119,78.8036],[-104.6811,79.0167],[-105.5908,79.0344],[-105.6286,79.1614],[-105.44,79.3292],[-104.0072,79.3678],[-102.8769,79.233],[-102.8917,79.1667],[-102.6117,79.093],[-102.7736,78.9441],[-102.5836,78.9486],[-102.5795,78.873],[-102.392,78.9317],[-102.4172,79.0092],[-101.6489,79.0758],[-100.9867,78.9372],[-101.1864,78.8028],[-100.3511,78.8283],[-99.8964,78.6958],[-100.0625,78.6389],[-100.0167,78.6167],[-99.5503,78.5903],[-99.8678,78.4375],[-99.7483,78.3836],[-99.7939,78.2972],[-99.5294,78.2825],[-98.9458,78.0617],[-99.0992,77.9608],[-99.0133,77.8883],[-99.907,77.7786],[-100.6075,77.86],[-100.8383,78.0228],[-100.7478,78.0772],[-101.0356,78.1961],[-102.1331,78.2828],[-102.6186,78.2414],[-102.8094,78.2883],[-102.6658,78.3586],[-102.7778,78.3764],[-103.9631,78.2336],[-104.4675,78.2653],[-104.8206,78.3558],[-105.0431,78.5058],[-104.6667,78.5797],[-103.5236,78.4961],[-103.3781,78.5861],[-104.0422,78.6207],[-103.3189,78.7403]]],[[[-79.4519,73.6305],[-78.1664,73.6681],[-77.4244,73.5547],[-77.1919,73.5014],[-77.0489,73.3619],[-76.7081,73.3178],[-76.5797,73.2197],[-76.6317,73.1672],[-76.2411,73.0922],[-76.3331,72.9636],[-76.0594,72.9008],[-76.5625,72.8125],[-78.2364,72.893],[-79.5942,72.7533],[-79.9986,72.863],[-80.1814,73.0439],[-80.1519,73.2225],[-80.8761,73.3278],[-80.8556,73.4755],[-80.6953,73.4778],[-80.9022,73.6028],[-80.7975,73.66],[-80.8617,73.7452],[-79.4519,73.6305]]],[[[-75.1644,67.9542],[-75.0444,67.8125],[-75.072,67.5389],[-75.3881,67.3547],[-75.9081,67.2486],[-77.0447,67.2605],[-77.2469,67.4519],[-77.3225,67.698],[-76.8655,68.1578],[-76.6069,68.2794],[-75.7261,68.3303],[-75.1347,68.2347],[-75.0,68.1197],[-75.1644,67.9542]]],[[[-96.1278,74.9155],[-96.0333,74.9494],[-96.1417,74.9572],[-96.0742,75.0236],[-96.2683,74.9039],[-96.4031,74.9258],[-96.3311,75.0047],[-96.6142,74.985],[-96.6047,75.0633],[-96.4631,75.1933],[-95.9878,75.25],[-96.0814,75.25],[-95.9033,75.29],[-96.1725,75.2855],[-95.7769,75.3719],[-96.1789,75.3844],[-96.0958,75.4178],[-95.7608,75.3908],[-95.6847,75.4283],[-95.8381,75.4592],[-95.7497,75.5133],[-94.8827,75.6358],[-94.3639,75.5908],[-93.6769,75.3566],[-93.8011,75.3036],[-93.4992,75.2647],[-93.5783,75.1977],[-93.4567,75.1164],[-93.6428,75.0386],[-93.5153,75.0383],[-93.4064,74.8836],[-93.4389,74.7578],[-93.5636,74.743],[-93.4847,74.6878],[-94.6433,74.6236],[-95.08,74.6808],[-95.0678,74.7364],[-95.2833,74.798],[-95.5192,74.7405],[-95.5181,74.8117],[-96.1278,74.9155]]],[[[-81.8655,62.9233],[-81.9497,62.835],[-81.9386,62.71],[-83.002,62.2044],[-83.1364,62.1731],[-83.3378,62.2522],[-83.7039,62.1417],[-83.7317,62.3036],[-83.9453,62.4272],[-83.57,62.6753],[-83.5275,62.8211],[-83.3742,62.9069],[-83.0411,62.8372],[-82.1858,62.98],[-81.8655,62.9233]]],[[[-96.1844,78.6286],[-96.275,78.5333],[-95.9644,78.4836],[-95.6019,78.5197],[-94.895,78.3958],[-94.8375,78.3472],[-95.3992,78.2311],[-95.1308,78.1941],[-94.8881,78.0589],[-95.1125,77.9514],[-96.5411,77.8972],[-96.735,77.8669],[-96.5156,77.8455],[-96.8175,77.7917],[-97.0969,77.8033],[-97.12,77.8702],[-96.995,77.9211],[-97.7756,78.035],[-96.8705,78.1333],[-97.9267,78.2178],[-97.7633,78.2444],[-98.4106,78.4903],[-98.0192,78.5428],[-98.3269,78.6505],[-98.3647,78.7681],[-97.9494,78.8164],[-96.1844,78.6286]]],[[[-105.3561,72.9477],[-105.2042,72.8642],[-105.3831,72.8667],[-105.8958,73.1611],[-106.1014,73.1897],[-106.0444,73.2194],[-106.1936,73.285],[-106.1261,73.2914],[-107.0342,73.4864],[-106.6458,73.6991],[-105.1486,73.7542],[-104.4831,73.5344],[-104.5756,73.4539],[-104.5733,73.323],[-104.7394,73.18],[-105.2258,72.933],[-105.3561,72.9477]]],[[[-79.657,61.6425],[-79.8461,61.57],[-80.2753,61.8067],[-80.2686,62.1072],[-79.9472,62.3861],[-79.4428,62.38],[-79.2608,62.2536],[-79.2614,62.1636],[-79.3158,61.9889],[-79.3811,62.0028],[-79.657,61.6425]]],[[[-80.7633,52.9314],[-80.6678,52.7719],[-80.7125,52.6892],[-82.0633,53.0267],[-81.8481,53.1817],[-81.0878,53.1794],[-80.7633,52.9314]]],[[[-83.6833,65.9105],[-83.797,65.8114],[-83.5297,65.7083],[-83.2108,65.7058],[-83.3792,65.6155],[-83.6236,65.6614],[-83.5867,65.7039],[-83.8428,65.6491],[-83.6842,65.7444],[-84.1436,65.7642],[-84.1308,65.9097],[-84.3828,66.0005],[-84.4703,66.1333],[-83.6833,65.9105]]],[[[-93.1019,77.6625],[-93.3794,77.6308],[-93.5706,77.4378],[-95.8642,77.4622],[-96.3289,77.605],[-96.2411,77.695],[-95.4653,77.808],[-95.3639,77.7372],[-93.657,77.7767],[-93.1019,77.6625]]],[[[-73.4117,67.975],[-73.3486,67.828],[-73.4494,67.7625],[-74.4811,67.7894],[-74.7781,68.0061],[-74.7319,68.0708],[-74.4561,68.0672],[-74.3394,68.1772],[-74.2125,68.1305],[-74.2664,68.0594],[-73.4117,67.975]]],[[[-105.0278,77.5464],[-104.945,77.485],[-105.0103,77.408],[-104.7411,77.4144],[-104.3675,77.2244],[-104.4725,77.1375],[-104.7403,77.1086],[-105.2264,77.1611],[-105.6575,77.3803],[-105.765,77.4639],[-105.6872,77.5155],[-105.8569,77.5433],[-105.8344,77.6103],[-106.0917,77.7153],[-105.6489,77.7486],[-105.0278,77.5464]]],[[[-77.6806,63.4344],[-77.495,63.2658],[-77.5603,63.1828],[-77.9583,63.093],[-78.5728,63.4403],[-78.2128,63.4961],[-77.6806,63.4344]]],[[[-78.2797,69.3702],[-78.2144,69.2883],[-78.3564,69.1961],[-78.4672,69.2197],[-78.5567,69.0836],[-78.8675,68.9005],[-79.2169,68.83],[-79.4003,68.8719],[-79.2272,69.0764],[-78.8642,69.1411],[-78.7492,69.2611],[-78.6195,69.2617],[-78.7161,69.3403],[-78.2797,69.3702]]],[[[-79.4769,69.8036],[-79.3295,69.7014],[-79.6317,69.6089],[-80.0594,69.6439],[-79.9355,69.5272],[-80.0119,69.4917],[-80.2294,69.5311],[-80.2192,69.6253],[-80.325,69.555],[-80.4928,69.665],[-80.8094,69.683],[-80.6497,69.7486],[-80.4008,69.6661],[-80.5045,69.775],[-80.3889,69.8],[-80.1828,69.7928],[-80.1461,69.7208],[-79.4769,69.8036]]],[[[-89.7192,77.4583],[-89.6361,77.3392],[-90.0,77.2138],[-90.3947,77.1991],[-91.2089,77.415],[-91.1844,77.6086],[-90.9064,77.6531],[-89.7192,77.4583]]],[[[-97.7636,73.9883],[-98.3928,73.8453],[-98.9617,73.8053],[-99.1664,73.8325],[-98.8236,73.8244],[-99.4375,73.8969],[-98.7653,74.0311],[-97.6536,74.1],[-97.7636,73.9883]]],[[[-103.8033,75.3603],[-103.7497,75.2347],[-103.5831,75.1647],[-104.2611,75.0183],[-104.9308,75.1322],[-104.688,75.2597],[-104.7703,75.2825],[-104.6736,75.3417],[-104.1518,75.4346],[-103.8033,75.3603]]],[[[-86.3961,67.8597],[-86.572,67.7289],[-86.8583,67.7969],[-86.9458,67.9094],[-86.8369,68.0011],[-86.9883,68.0817],[-86.7119,68.2991],[-86.4586,68.2355],[-86.3961,67.8597]]],[[[-70.2119,62.5778],[-70.7239,62.5503],[-70.9203,62.7406],[-70.7711,62.7675],[-71.1583,62.7972],[-71.0328,62.8228],[-71.2414,62.8814],[-70.5878,62.7742],[-70.2119,62.5778]]],[[[-103.9225,76.6336],[-104.0539,76.563],[-103.7875,76.6205],[-103.0045,76.43],[-103.507,76.3108],[-104.3789,76.3233],[-104.3511,76.3836],[-104.4608,76.3903],[-104.3911,76.4611],[-104.5639,76.4822],[-104.6828,76.5975],[-103.9225,76.6336]]],[[[-84.5867,65.6922],[-84.6678,65.5605],[-84.7847,65.5566],[-85.1181,65.7647],[-85.173,65.9947],[-84.9103,66.0],[-84.5867,65.6922]]],[[[-64.7261,61.5422],[-64.6869,61.4658],[-64.8753,61.3225],[-64.9775,61.3478],[-64.9325,61.4036],[-65.4878,61.5994],[-65.0364,61.6936],[-64.7192,61.658],[-64.7914,61.6175],[-64.6597,61.588],[-64.7261,61.5422]]],[[[-99.3172,79.7586],[-99.2964,79.8392],[-99.3689,79.8578],[-100.1211,79.8867],[-100.1933,80.0339],[-99.7592,80.1497],[-98.8689,80.0778],[-98.7058,79.9658],[-98.7792,79.9028],[-98.6442,79.8003],[-98.83,79.6644],[-99.3172,79.7586]]],[[[-102.5292,76.1536],[-103.3422,76.0367],[-103.9861,76.035],[-103.8886,76.0497],[-104.4828,76.1422],[-103.8764,76.2486],[-102.6522,76.2878],[-102.5292,76.1536]]],[[[-76.5419,63.4625],[-76.6922,63.3678],[-76.9739,63.4036],[-77.4572,63.6433],[-77.0614,63.6728],[-76.6161,63.5233],[-76.6816,63.4814],[-76.5419,63.4625]]],[[[-79.7769,54.778],[-79.4672,54.8883],[-79.0575,54.9178],[-79.7769,54.778]]],[[[-64.2869,63.4303],[-64.0611,63.2706],[-64.267,63.3264],[-64.4219,63.4717],[-64.4905,63.6205],[-64.3256,63.6375],[-64.2869,63.4303]]],[[[-74.7683,68.4733],[-74.9067,68.423],[-74.7764,68.4105],[-74.8639,68.3797],[-74.8114,68.3205],[-75.4164,68.5181],[-75.2806,68.7097],[-75.0,68.6722],[-74.7683,68.4733]]],[[[-77.9467,69.6467],[-78.5186,69.4806],[-78.8803,69.4769],[-78.142,69.7425],[-77.9467,69.6467]]],[[[-89.6739,76.7375],[-89.8628,76.6039],[-89.6714,76.5042],[-90.1844,76.5153],[-90.6003,76.735],[-90.0,76.8378],[-89.6739,76.7375]]],[[[-76.7164,69.4222],[-76.6467,69.3369],[-76.94,69.2092],[-76.8586,69.1489],[-76.8972,69.1039],[-77.3014,69.1641],[-77.3819,69.2475],[-77.3597,69.3928],[-76.7164,69.4222]]],[[[-95.9111,75.5542],[-96.1708,75.458],[-96.4172,75.5233],[-96.36,75.5689],[-96.4103,75.5803],[-96.5492,75.5197],[-96.5119,75.4558],[-96.7036,75.423],[-96.6311,75.3931],[-96.8511,75.3503],[-97.053,75.4922],[-96.4192,75.5886],[-96.3964,75.65],[-95.9111,75.5542]]],[[[-102.3942,75.8808],[-102.6117,75.7672],[-103.3828,75.7655],[-102.6961,75.9466],[-102.1647,75.9905],[-101.9886,75.9344],[-102.3942,75.8808]]],[[[-67.7986,60.4575],[-67.8533,60.3753],[-68.3872,60.2408],[-68.1294,60.5705],[-67.7986,60.4575]]],[[[-78.798,76.0864],[-79.1769,75.9464],[-78.8794,75.8441],[-79.3195,75.8736],[-79.4439,75.7919],[-79.7522,75.8786],[-79.0914,76.1144],[-78.798,76.0864]]],[[[-100.9264,77.7433],[-102.0678,77.6822],[-102.4444,77.7319],[-102.5297,77.8342],[-101.6719,77.8933],[-100.9264,77.7433]]],[[[-95.3597,69.5092],[-95.4025,69.3833],[-95.5158,69.3308],[-95.7369,69.3244],[-95.6484,69.4033],[-95.6692,69.5075],[-95.8158,69.5628],[-95.7811,69.463],[-95.8622,69.348],[-95.9908,69.3533],[-95.9458,69.4139],[-96.0097,69.483],[-95.92,69.5953],[-95.3597,69.5092]]],[[[-71.3397,70.9914],[-71.4156,70.9078],[-71.9556,70.8183],[-72.1122,70.8114],[-72.2264,70.9305],[-72.0578,70.933],[-72.0086,71.0497],[-71.3397,70.9914]]],[[[-102.3658,76.0058],[-103.3394,75.908],[-103.9717,75.9383],[-102.3533,76.0739],[-102.3658,76.0058]]],[[[-101.6825,68.6617],[-101.8247,68.6497],[-101.8311,68.5669],[-102.3494,68.683],[-101.9983,68.823],[-101.6939,68.7681],[-101.6825,68.6617]]],[[[-100.1264,68.9055],[-100.1756,68.7947],[-100.3669,68.7105],[-100.4689,68.7972],[-100.6281,68.7664],[-100.5736,68.9367],[-100.6242,68.9961],[-100.3236,68.9961],[-100.1264,68.9055]]],[[[-101.2739,76.5608],[-101.6883,76.5864],[-100.7164,76.7564],[-100.2972,76.7219],[-101.2739,76.5608]]],[[[-86.6397,70.1167],[-86.4567,70.0075],[-87.1042,69.9878],[-87.3769,70.0933],[-86.6397,70.1167]]],[[[-96.1467,69.3458],[-96.7367,69.5767],[-96.3164,69.5264],[-96.1364,69.5461],[-96.1467,69.3458]]],[[[-79.3767,51.9361],[-79.6117,51.9144],[-79.6528,51.9811],[-79.2972,52.0919],[-79.3767,51.9361]]],[[[-64.5906,62.3672],[-64.9658,62.4658],[-64.7931,62.4914],[-64.8622,62.5208],[-64.8156,62.5597],[-64.3828,62.5258],[-64.5906,62.3672]]],[[[-64.6042,63.8389],[-64.5061,63.838],[-64.6086,63.7831],[-64.4261,63.7778],[-64.3861,63.7017],[-64.9164,63.8064],[-64.8117,63.8772],[-64.748,63.828],[-64.7106,63.9089],[-64.5494,63.8953],[-64.6042,63.8389]]],[[[-73.2725,71.3619],[-73.38,71.5197],[-73.0811,71.5422],[-73.1583,71.4183],[-72.9853,71.5214],[-72.8275,71.455],[-73.0311,71.4066],[-72.9719,71.3175],[-73.2725,71.3619]]],[[[-85.3214,79.0539],[-85.1672,79.0208],[-86.4844,78.8928],[-86.2928,79.0122],[-85.3214,79.0539]]],[[[-104.4414,68.4172],[-104.9192,68.46],[-105.0817,68.5464],[-104.6825,68.5739],[-104.4414,68.4172]]],[[[-96.7711,73.1136],[-96.6503,73.14],[-96.5686,73.0622],[-96.6583,72.9542],[-96.9553,72.9205],[-97.1397,73.0519],[-97.0455,73.1475],[-96.7719,73.1817],[-96.7711,73.1136]]],[[[-65.0164,61.8517],[-64.9647,61.89],[-64.8289,61.7522],[-64.9519,61.7225],[-65.252,61.8697],[-65.1703,61.9478],[-65.0164,61.8517]]],[[[-65.3089,64.6603],[-65.2139,64.6261],[-65.5394,64.5469],[-65.4606,64.5211],[-65.6897,64.52],[-65.4142,64.7336],[-65.4017,64.6461],[-65.2664,64.6933],[-65.3089,64.6603]]],[[[-100.1922,70.5772],[-100.3881,70.5789],[-100.2244,70.4567],[-100.6764,70.5633],[-100.7022,70.6827],[-100.1922,70.5772]]],[[[-78.9708,68.4714],[-78.6686,68.5833],[-78.8981,68.6489],[-78.4606,68.6172],[-78.7953,68.4386],[-78.9708,68.4714]]],[[[-94.2878,75.7839],[-94.7775,75.7686],[-94.9061,75.9308],[-94.4819,75.9744],[-94.2878,75.7839]]],[[[-78.3972,60.7439],[-78.6983,60.7217],[-78.5736,60.7842],[-78.2267,60.8089],[-78.3972,60.7439]]],[[[-73.5775,64.4894],[-73.6778,64.5322],[-73.5092,64.5525],[-73.5575,64.3128],[-73.6556,64.3203],[-73.6694,64.4272],[-73.5775,64.4894]]],[[[-100.9703,69.4556],[-101.2303,69.3686],[-101.3003,69.4422],[-101.1864,69.4753],[-101.3872,69.5378],[-101.2617,69.5817],[-100.9703,69.4556]]],[[[-74.0158,62.665],[-73.9581,62.6125],[-74.6511,62.7178],[-74.0158,62.665]]],[[[-74.2697,68.4547],[-74.0747,68.3308],[-74.2289,68.2508],[-74.2783,68.295],[-74.2133,68.3194],[-74.3886,68.3983],[-74.2697,68.4547]]],[[[-78.9333,68.3505],[-78.8022,68.2725],[-79.0897,68.1703],[-79.1906,68.2783],[-78.9333,68.3505]]],[[[-67.7214,69.6447],[-67.9203,69.5219],[-68.31,69.5908],[-67.8272,69.6555],[-67.9711,69.6897],[-67.7214,69.6447]]],[[[-90.1547,69.3508],[-90.3295,69.2358],[-90.51,69.3347],[-90.1953,69.4169],[-90.1547,69.3508]]],[[[-62.6319,67.1769],[-62.3753,67.1658],[-62.7525,67.0105],[-62.8946,67.0591],[-62.6319,67.1769]]],[[[-97.257,74.5906],[-97.3875,74.5064],[-97.7925,74.4858],[-97.3681,74.6228],[-97.257,74.5906]]],[[[-95.4036,74.6033],[-95.2464,74.5217],[-95.845,74.5639],[-95.6286,74.6408],[-95.4036,74.6033]]],[[[-66.6286,68.1822],[-66.6622,68.2089],[-66.1986,68.2675],[-66.3269,68.1475],[-66.6286,68.1822]]],[[[-90.6908,69.2278],[-90.6519,69.3508],[-90.7772,69.2725],[-90.7758,69.33],[-90.6733,69.3739],[-90.5594,69.3472],[-90.4545,69.2264],[-90.6908,69.2278]]],[[[-83.0803,66.1966],[-83.2983,66.3139],[-83.2522,66.345],[-82.9355,66.2514],[-83.0803,66.1966]]],[[[-64.8814,63.4864],[-64.8478,63.3875],[-65.053,63.5483],[-64.8814,63.4864]]],[[[-99.9789,69.0139],[-100.007,68.9394],[-100.2567,69.0267],[-100.0956,69.1175],[-99.9789,69.0139]]],[[[-85.0111,77.5739],[-84.8139,77.4972],[-85.1683,77.4569],[-85.1528,77.5078],[-85.5383,77.54],[-85.0111,77.5739]]],[[[-77.7533,63.9255],[-77.9825,63.9756],[-77.5572,64.0281],[-77.7533,63.9255]]],[[[-107.9108,67.3105],[-108.1508,67.4061],[-108.0408,67.3869],[-108.0611,67.4422],[-107.8828,67.4625],[-107.9108,67.3105]]],[[[-62.1283,65.6741],[-62.332,65.6119],[-62.3131,65.6605],[-62.4661,65.6639],[-62.4844,65.7269],[-62.1283,65.6741]]],[[[-79.8789,59.8547],[-79.928,59.8117],[-80.1842,59.7478],[-80.1031,59.845],[-79.8789,59.8547]]],[[[-63.7608,67.5153],[-64.0253,67.5105],[-63.9264,67.6333],[-63.7608,67.5153]]],[[[-96.7217,72.8292],[-96.6414,72.7822],[-96.7414,72.7255],[-97.0111,72.7758],[-96.6883,72.8833],[-96.7217,72.8292]]],[[[-94.9706,80.6353],[-96.1492,80.6647],[-95.4914,80.7],[-94.9706,80.6353]]],[[[-79.7175,56.8136],[-79.7575,56.7819],[-79.8111,56.8922],[-79.8975,56.885],[-79.7842,56.9408],[-79.7175,56.8136]]],[[[-89.9144,68.853],[-89.7817,68.7667],[-89.9444,68.6622],[-90.0275,68.7533],[-89.9144,68.853]]],[[[-107.9222,67.5408],[-108.1094,67.4714],[-108.1178,67.67],[-107.9833,67.6447],[-107.9222,67.5408]]],[[[-100.3197,75.5908],[-101.0394,75.5672],[-100.235,75.623],[-100.1578,75.585],[-100.4797,75.5458],[-100.3197,75.5908]]],[[[-63.8297,67.2841],[-63.5858,67.3533],[-63.3692,67.3025],[-63.8297,67.2841]]],[[[-74.6484,68.6522],[-74.5183,68.5586],[-74.8903,68.625],[-74.6484,68.6522]]],[[[-91.7355,69.7891],[-91.4194,69.88],[-91.5353,69.7269],[-91.7355,69.7891]]],[[[-102.7814,78.205],[-103.0417,78.1222],[-103.2822,78.1578],[-102.8975,78.2692],[-102.7814,78.205]]],[[[-79.705,57.5086],[-79.8056,57.418],[-79.8269,57.5381],[-79.7067,57.5808],[-79.705,57.5086]]],[[[-90.815,77.2403],[-90.7136,77.2008],[-90.8683,77.1383],[-91.2992,77.2178],[-90.815,77.2403]]],[[[-64.0783,63.5505],[-64.0925,63.4817],[-64.2092,63.575],[-64.1719,63.6336],[-64.0783,63.5505]]],[[[-65.0375,64.2903],[-64.8847,64.2878],[-64.9892,64.2092],[-65.1147,64.3294],[-64.9989,64.3544],[-65.0375,64.2903]]],[[[-99.4339,76.6947],[-100.1286,76.7219],[-100.0378,76.7514],[-99.4339,76.6947]]],[[[-108.9006,67.8697],[-109.1989,67.9725],[-109.0586,67.9519],[-108.9511,67.9733],[-108.9006,67.8697]]],[[[-72.7092,71.6553],[-72.6606,71.598],[-72.7425,71.5341],[-73.04,71.58],[-72.7092,71.6553]]],[[[-67.3105,69.5491],[-67.7497,69.5211],[-67.5183,69.6003],[-67.3105,69.5491]]],[[[-82.4603,69.7617],[-82.4531,69.7205],[-82.8778,69.775],[-82.4603,69.7617]]],[[[-65.6786,61.7467],[-65.948,61.7903],[-65.8094,61.8633],[-65.6786,61.7467]]],[[[-107.3195,67.0989],[-107.5278,67.078],[-107.5817,67.1964],[-107.3195,67.0989]]],[[[-66.5736,66.3108],[-66.8117,66.3167],[-66.9586,66.4064],[-66.5736,66.3108]]],[[[-93.2189,61.8794],[-93.2236,61.9131],[-92.9695,61.8883],[-93.0867,61.8294],[-93.2189,61.8794]]],[[[-79.9428,53.2669],[-80.0853,53.3269],[-80.0614,53.3555],[-79.9519,53.3483],[-79.9428,53.2669]]],[[[-88.255,78.2472],[-88.4075,78.2644],[-88.1997,78.3544],[-88.2353,78.4269],[-88.0528,78.4455],[-88.255,78.2472]]],[[[-107.9306,73.5394],[-108.085,73.5858],[-107.5847,73.603],[-107.9306,73.5394]]],[[[-67.6614,68.7019],[-68.4514,68.7839],[-68.4189,68.8103],[-67.6614,68.7019]]],[[[-64.18,63.8656],[-64.2369,63.7958],[-64.1808,63.7853],[-64.257,63.7742],[-64.3984,63.8455],[-64.18,63.8656]]],[[[-78.7317,72.3694],[-79.053,72.3608],[-79.0667,72.4203],[-78.7317,72.3694]]],[[[-83.6886,69.7194],[-83.9172,69.7786],[-83.8325,69.8253],[-83.5767,69.7808],[-83.6886,69.7194]]],[[[-64.8394,62.5778],[-65.1417,62.5469],[-65.0031,62.5989],[-64.8394,62.5778]]],[[[-111.0975,68.4772],[-110.8217,68.548],[-110.7283,68.4844],[-111.0975,68.4772]]],[[[-97.2306,69.8833],[-97.4928,69.9178],[-97.4536,69.963],[-97.2306,69.8833]]],[[[-73.6978,64.27],[-73.8336,64.3317],[-73.7308,64.3864],[-73.6978,64.27]]],[[[-83.4853,65.8008],[-83.5861,65.8542],[-83.2853,65.8389],[-83.4853,65.8008]]],[[[-109.3153,68.0358],[-109.3142,67.9858],[-109.5389,68.0475],[-109.3153,68.0358]]],[[[-82.0725,68.303],[-82.3456,68.3678],[-82.2169,68.3842],[-82.01,68.3328],[-82.0725,68.303]]],[[[-79.4364,72.4183],[-79.4406,72.3705],[-79.6833,72.4305],[-79.4364,72.4183]]],[[[-101.5636,69.1],[-101.6983,69.0953],[-101.6014,69.1517],[-101.6953,69.2069],[-101.5203,69.1975],[-101.5636,69.1]]],[[[-74.1636,78.7161],[-74.7067,78.7375],[-74.5556,78.7761],[-74.1636,78.7161]]],[[[-94.3092,78.1792],[-94.6942,78.2586],[-94.515,78.2781],[-94.3092,78.1792]]],[[[-97.3705,67.6578],[-97.5514,67.6428],[-97.5605,67.6927],[-97.3378,67.7211],[-97.3705,67.6578]]],[[[-108.3683,67.4672],[-108.4964,67.5244],[-108.4578,67.568],[-108.2861,67.5331],[-108.3683,67.4672]]],[[[-111.6717,68.2247],[-111.7789,68.2411],[-111.7039,68.2994],[-111.5286,68.2905],[-111.6717,68.2247]]],[[[-79.8767,56.7478],[-79.9411,56.7636],[-79.9458,56.8336],[-79.8439,56.8583],[-79.8767,56.7478]]],[[[-73.15,71.6744],[-73.3525,71.5575],[-73.4506,71.5842],[-73.15,71.6744]]],[[[-108.0914,67.8808],[-108.2542,67.8819],[-108.198,67.9508],[-108.0486,67.9491],[-108.0914,67.8808]]],[[[-90.285,74.0297],[-89.9019,74.0378],[-90.0,73.9864],[-90.285,74.0297]]],[[[-62.1481,66.2078],[-62.43,66.2292],[-62.2314,66.2694],[-62.1481,66.2078]]],[[[-103.9989,77.1239],[-104.4317,77.0989],[-104.3008,77.1553],[-103.9989,77.1239]]],[[[-77.5686,77.8497],[-77.8753,77.7744],[-77.955,77.8303],[-77.5686,77.8497]]],[[[-65.5028,68.1511],[-65.4955,68.1283],[-65.6869,68.0958],[-65.7169,68.1758],[-65.5028,68.1511]]],[[[-89.9142,69.0069],[-89.9067,68.9225],[-90.1436,68.9678],[-89.9142,69.0069]]],[[[-95.2597,71.8275],[-95.3105,71.7372],[-95.4883,71.7408],[-95.2597,71.8275]]],[[[-95.2069,77.1778],[-95.64,77.2378],[-95.3722,77.238],[-95.2069,77.1778]]],[[[-94.8161,76.1011],[-94.9286,76.0511],[-95.1472,76.1169],[-94.8161,76.1011]]],[[[-82.5172,69.8542],[-82.4261,69.7869],[-82.6886,69.8508],[-82.5172,69.8542]]],[[[-85.8639,72.2972],[-85.8372,72.2628],[-85.9083,72.2178],[-86.0672,72.2939],[-85.8639,72.2972]]],[[[-103.5908,75.8311],[-103.8644,75.8714],[-103.3319,75.8719],[-103.5908,75.8311]]],[[[-97.0931,77.005],[-97.4731,76.9806],[-97.2431,77.0375],[-97.0931,77.005]]],[[[-96.5536,75.7386],[-96.7172,75.7397],[-96.6608,75.7894],[-96.4558,75.8178],[-96.5536,75.7386]]],[[[-74.7967,72.1681],[-74.947,72.1733],[-74.6739,72.2303],[-74.7967,72.1681]]],[[[-101.6258,78.148],[-101.8819,78.1622],[-101.7533,78.2272],[-101.6258,78.148]]],[[[-83.9081,76.465],[-84.1094,76.4444],[-84.0975,76.5067],[-83.9081,76.465]]],[[[-62.9122,67.0147],[-63.1389,67.0594],[-63.1106,67.0803],[-62.9122,67.0147]]],[[[-66.8967,81.5875],[-66.2967,81.5847],[-66.6444,81.5622],[-66.8967,81.5875]]],[[[-71.1125,71.0894],[-71.2547,71.0739],[-71.2006,71.1258],[-71.0442,71.1428],[-71.1125,71.0894]]],[[[-78.3617,82.9586],[-78.1169,82.9422],[-78.3658,82.8836],[-78.4194,82.8991],[-78.3617,82.9586]]],[[[-91.9606,81.595],[-91.5822,81.578],[-91.7617,81.548],[-91.9606,81.595]]]]}},
{"type":"Feature","properties":{"name":"Northwest Territories","cartodb_id":13,"created_at":"2014-10-16T13:22:00Z","updated_at":"2014-10-16T13:22:00Z"},"geometry":{"type":"MultiPolygon","coordinates":[[[[-110.3944,78.7522],[-109.9784,78.6711],[-109.9839,78.3255],[-110.7156,78.2925],[-111.1414,78.3861],[-111.4625,78.2675],[-111.82,78.2736],[-112.1586,78.37],[-113.1422,78.2683],[-113.3342,78.3328],[-112.6614,78.4941],[-110.3944,78.7522]]],[[[-109.9872,77.924],[-110.8958,77.8561],[-110.6589,77.7597],[-110.105,77.775],[-110.0406,77.6375],[-110.225,77.5053],[-112.0572,77.3233],[-113.198,77.5239],[-113.2403,77.5872],[-113.0892,77.6191],[-113.2522,77.6647],[-113.1875,77.7394],[-113.3197,77.7955],[-113.2097,77.9089],[-111.0933,78.0925],[-109.9858,78.1011],[-109.9872,77.924]]],[[[-110.0081,74.8331],[-110.6653,74.788],[-110.5964,74.7078],[-111.6772,74.4933],[-113.4717,74.4189],[-114.4436,74.6641],[-113.71,74.8297],[-113.2072,74.8453],[-113.3225,74.88],[-112.8675,74.9755],[-111.5514,75.0114],[-111.4814,75.0458],[-111.5672,75.0603],[-110.9205,75.2236],[-111.2308,75.2642],[-111.5772,75.1436],[-112.4097,75.1236],[-112.4708,75.1464],[-112.2947,75.198],[-112.5925,75.1817],[-112.5947,75.25],[-112.6792,75.2778],[-112.7,75.1383],[-112.807,75.1158],[-113.9414,75.0569],[-113.9325,75.1414],[-113.6475,75.1841],[-113.9294,75.1736],[-113.8058,75.3267],[-113.3189,75.4178],[-113.9022,75.3744],[-114.065,75.4661],[-114.0406,75.3622],[-114.1708,75.2269],[-114.5128,75.3147],[-114.6153,75.275],[-114.2972,75.1792],[-114.395,75.0906],[-114.9492,74.97],[-115.1953,74.99],[-115.1728,75.1078],[-115.257,75.18],[-115.4042,75.0989],[-115.6742,75.1383],[-115.5375,75.0272],[-115.6906,74.9642],[-116.2539,75.0583],[-116.0417,75.1228],[-116.3211,75.1033],[-116.2392,75.2014],[-116.6942,75.1167],[-117.6839,75.2531],[-117.2189,75.4764],[-115.9914,75.4858],[-114.998,75.6958],[-116.1192,75.5728],[-117.25,75.5861],[-116.8164,75.7964],[-114.7986,75.8922],[-116.1067,75.8642],[-116.6497,75.885],[-116.7267,75.9514],[-116.4619,75.975],[-116.7056,76.0391],[-116.6414,76.1133],[-116.1636,76.1972],[-114.6808,76.165],[-115.9217,76.2811],[-115.8503,76.3242],[-115.9094,76.3455],[-115.4997,76.4547],[-114.702,76.5153],[-114.752,76.4878],[-114.1183,76.4353],[-114.1061,76.3556],[-114.1778,76.3447],[-113.9833,76.2614],[-114.0597,76.2178],[-113.9833,76.1903],[-112.9992,76.2675],[-112.425,76.1678],[-112.5281,76.1039],[-111.7278,75.9217],[-112.2256,75.8111],[-111.452,75.8366],[-111.5922,75.8075],[-111.3553,75.7244],[-111.4072,75.615],[-111.2714,75.5225],[-110.004,75.5328],[-110.0081,74.8331]]],[[[-110.0019,75.8758],[-110.0556,75.8905],[-110.0018,75.8981],[-110.0019,75.8758]]],[[[-109.9996,76.2248],[-110.3728,76.2944],[-110.3839,76.4275],[-109.998,76.475],[-109.9996,76.2248]]],[[[-117.4314,69.995],[-117.0108,70.1169],[-114.5431,70.3133],[-112.5647,70.1983],[-112.1383,70.2714],[-112.2833,70.3],[-111.9264,70.2522],[-111.4428,70.2903],[-111.9806,70.3708],[-112.1692,70.4972],[-113.9383,70.7153],[-115.5811,70.573],[-116.3639,70.6392],[-117.5436,70.5953],[-118.3097,70.8972],[-118.415,70.998],[-117.8497,71.1569],[-115.7608,71.3658],[-116.22,71.4244],[-115.7408,71.5036],[-115.3783,71.4497],[-115.0575,71.523],[-115.4428,71.488],[-115.7064,71.5558],[-117.3772,71.3828],[-117.3783,71.4542],[-117.5628,71.4997],[-117.6333,71.4619],[-117.4833,71.4325],[-117.5394,71.3728],[-118.1122,71.3736],[-118.3153,71.4397],[-118.0544,71.5431],[-117.7664,71.5228],[-117.8358,71.5547],[-117.6558,71.5719],[-117.9675,71.6264],[-117.7008,71.6714],[-118.4117,71.5767],[-118.3861,71.6197],[-118.5664,71.6628],[-118.8556,71.6625],[-118.8805,71.5772],[-119.0503,71.6266],[-119.1345,71.7653],[-119.0875,71.9083],[-118.5886,72.1761],[-118.1128,72.2319],[-118.1453,72.3269],[-118.4911,72.353],[-118.5886,72.4167],[-118.5369,72.4939],[-117.3536,72.9164],[-114.5617,73.3755],[-114.2261,73.3183],[-113.9539,73.1255],[-114.0514,72.96],[-113.9695,72.813],[-114.3514,72.7475],[-114.2486,72.6886],[-114.6047,72.6016],[-114.5583,72.5608],[-113.4428,72.6722],[-113.4133,72.7347],[-113.5989,72.7828],[-113.007,73.0089],[-111.2258,72.7228],[-111.2769,72.5675],[-111.9056,72.3497],[-111.6431,72.348],[-111.7633,72.1986],[-111.4244,72.3372],[-111.6094,72.3672],[-111.3503,72.4533],[-111.2025,72.4603],[-111.3717,72.4036],[-111.2808,72.3978],[-111.3644,72.3425],[-111.0331,72.2819],[-111.0914,72.4019],[-110.797,72.4728],[-110.8278,72.5258],[-110.7014,72.5755],[-110.4789,72.5522],[-110.6019,72.4933],[-110.3506,72.428],[-110.5306,72.5025],[-110.3842,72.5555],[-110.0199,72.4421],[-110.0294,69.9955],[-112.4851,69.9937],[-112.4775,69.8924],[-112.6577,69.8345],[-112.8624,69.84],[-112.8871,69.9911],[-117.085,69.9991],[-117.1181,69.8919],[-116.5136,69.6348],[-116.8599,69.6371],[-117.2475,69.7569],[-117.4314,69.995]]],[[[-110.0197,72.4936],[-110.2558,72.5569],[-110.1042,72.5577],[-110.0197,72.4936]]],[[[-110.0191,72.6234],[-110.2911,72.6711],[-110.0781,72.7271],[-110.0191,72.6234]]],[[[-110.0186,72.7498],[-110.2661,72.735],[-110.1714,72.775],[-110.7567,72.9714],[-110.0175,72.9749],[-110.0186,72.7498]]],[[[-102.0017,59.9999],[-124.0292,60.023],[-123.9742,60.098],[-124.1953,60.3289],[-124.2064,60.4572],[-124.4183,60.4792],[-124.6142,60.6686],[-124.4769,60.7906],[-124.5789,60.953],[-124.813,60.9725],[-124.8717,60.8581],[-125.37,60.7826],[-125.8872,60.8969],[-126.0092,60.8034],[-126.2022,60.8637],[-126.2536,60.7887],[-126.8261,60.755],[-126.9253,60.8622],[-126.9353,61.0592],[-127.1019,61.0708],[-127.007,61.185],[-127.1417,61.4667],[-127.5503,61.5114],[-127.9728,61.6886],[-128.0806,61.8492],[-128.1967,61.8442],[-128.547,62.1222],[-128.7653,62.0583],[-129.2939,62.1561],[-129.1992,62.2169],[-129.3105,62.3264],[-129.2158,62.3775],[-129.3083,62.4214],[-129.1722,62.4817],[-129.5678,62.5744],[-129.4878,62.6189],[-129.517,62.6725],[-129.7739,62.8744],[-129.5989,63.0519],[-129.8472,63.0869],[-129.9003,63.1972],[-130.1511,63.2658],[-129.8195,63.4833],[-130.1097,63.7036],[-130.3211,63.6958],[-130.1197,63.808],[-130.8639,64.0431],[-130.9478,64.1372],[-130.8672,64.1878],[-131.0605,64.2794],[-131.002,64.3303],[-131.1417,64.4244],[-131.3886,64.4672],[-131.593,64.3686],[-131.8181,64.3783],[-131.7028,64.5355],[-132.6225,64.8269],[-132.3333,65.0347],[-132.7806,65.2297],[-132.5553,65.2836],[-132.1742,65.5914],[-132.5733,65.8486],[-132.3428,65.9819],[-132.6058,66.0317],[-132.869,65.9105],[-132.9939,65.923],[-132.9397,66.0289],[-133.6294,65.9744],[-133.6033,66.0517],[-133.7047,66.0719],[-133.5639,66.1558],[-133.57,66.2783],[-133.8247,66.3167],[-133.7503,66.4477],[-133.6294,66.4453],[-133.6903,66.5319],[-133.5867,66.5647],[-133.8403,66.7278],[-133.7639,66.8069],[-134.0925,66.9553],[-133.8311,67.0033],[-136.1645,67.0036],[-136.2364,67.1739],[-136.0914,67.3025],[-136.2053,67.4069],[-136.1578,67.5078],[-136.445,67.7156],[-136.4461,68.873],[-136.0278,68.873],[-135.16,68.6572],[-135.5061,68.8325],[-135.338,68.835],[-135.6236,68.8861],[-134.9775,68.8783],[-134.8456,68.9294],[-134.4464,68.7003],[-134.2195,68.6925],[-134.2875,68.7536],[-134.4064,68.8011],[-134.6292,69.0089],[-134.5375,69.0939],[-134.3389,69.1064],[-134.1539,69.2589],[-133.5506,69.4058],[-133.0467,69.4333],[-132.8939,69.6539],[-132.4175,69.6355],[-132.3336,69.6825],[-132.6225,69.6797],[-132.5406,69.7408],[-132.2592,69.7725],[-132.4808,69.7322],[-132.1339,69.6867],[-131.4103,69.9572],[-131.2372,69.9272],[-131.185,69.8242],[-130.8922,70.0992],[-130.7206,70.0761],[-130.657,70.1342],[-130.4722,70.1739],[-130.5356,70.1075],[-130.3867,70.1655],[-130.2853,70.1016],[-130.3361,70.0831],[-129.8936,70.0778],[-129.6731,70.2669],[-129.6294,70.1608],[-129.4047,70.123],[-129.5536,70.0428],[-129.4975,70.0205],[-130.5219,69.7825],[-130.9286,69.5633],[-131.04,69.6408],[-132.0064,69.5272],[-132.1417,69.4128],[-132.0947,69.3628],[-132.3394,69.3111],[-132.3158,69.2478],[-132.4358,69.2986],[-132.4955,69.1594],[-132.5456,69.2833],[-132.7178,69.2664],[-132.9072,69.1244],[-132.8297,69.1069],[-132.9019,69.0717],[-132.8883,68.9797],[-132.9192,69.075],[-133.0986,69.0669],[-133.2008,69.0325],[-133.2336,68.9086],[-133.4847,68.8503],[-133.4639,68.7933],[-133.0542,68.6914],[-132.9183,68.6903],[-133.3803,68.8447],[-132.4919,68.8011],[-132.397,68.8647],[-132.5533,68.9161],[-132.4925,68.8772],[-132.7872,68.8475],[-132.705,68.8808],[-132.8333,68.9236],[-132.6758,68.9267],[-132.8558,68.9844],[-132.8655,69.0683],[-132.4961,69.1322],[-132.425,69.2336],[-132.4675,69.1072],[-132.3206,69.2339],[-132.29,69.1772],[-132.197,69.2122],[-132.2225,69.1417],[-132.1636,69.2405],[-131.865,69.2831],[-131.7144,69.3978],[-131.97,69.4064],[-131.4161,69.4355],[-131.5258,69.3294],[-131.3219,69.4933],[-131.2419,69.4064],[-131.2458,69.4983],[-131.213,69.3875],[-131.4145,69.2969],[-131.1606,69.3886],[-131.2478,69.5831],[-131.1136,69.5133],[-131.1283,69.3619],[-131.0622,69.5103],[-131.1961,69.59],[-131.0936,69.6094],[-131.0278,69.4639],[-131.1164,69.3225],[-130.9464,69.5391],[-130.9325,69.4191],[-131.0478,69.3361],[-130.8978,69.3858],[-131.0247,69.2097],[-131.0142,69.1369],[-130.9228,69.1353],[-130.9417,69.2705],[-130.3653,69.6944],[-129.0994,69.8589],[-128.9003,69.9719],[-128.9344,69.8441],[-129.1695,69.8247],[-129.15,69.6955],[-128.9775,69.6747],[-128.3242,69.9483],[-128.343,70.1169],[-127.515,70.2216],[-128.0284,70.2864],[-128.1122,70.3597],[-127.9156,70.3967],[-128.1928,70.3869],[-128.1358,70.523],[-127.9967,70.5906],[-127.1736,70.2722],[-126.7742,69.9744],[-126.8119,69.9053],[-126.7058,69.7661],[-126.2558,69.5267],[-125.4264,69.3122],[-125.3655,69.3425],[-125.4569,69.4102],[-125.1653,69.3816],[-125.0894,69.4497],[-125.6225,69.4186],[-125.4647,69.5122],[-125.1181,69.4858],[-125.2928,69.5491],[-125.2253,69.5866],[-125.4372,69.6089],[-125.3655,69.6903],[-125.017,69.7405],[-124.925,69.6447],[-124.822,69.715],[-125.2764,69.8082],[-125.1844,69.8558],[-125.0586,69.7897],[-124.8933,69.9403],[-124.63,69.9794],[-124.9764,70.0072],[-125.2067,69.9332],[-125.1883,70.009],[-125.0,70.08],[-125.048,70.023],[-124.4181,70.0464],[-124.7358,70.0894],[-124.6803,70.1497],[-124.3858,70.1447],[-124.4461,70.1089],[-124.3767,70.0233],[-124.5378,69.9639],[-124.4386,69.9528],[-124.5056,69.9031],[-124.4033,69.8578],[-124.5006,69.7258],[-124.0353,69.6789],[-124.5189,69.4042],[-124.4467,69.3672],[-123.3808,69.4105],[-123.4508,69.4469],[-123.4,69.4903],[-123.1686,69.4952],[-123.0964,69.6705],[-123.1522,69.7681],[-122.9592,69.8336],[-121.9306,69.8144],[-120.8811,69.6389],[-120.6652,69.5513],[-120.6585,68.0013],[-112.4986,65.5062],[-110.6517,65.4995],[-109.3874,64.8269],[-101.984,64.2134],[-102.0017,59.9999]]],[[[-119.7448,74.0255],[-119.7506,74.0914],[-119.4653,74.2211],[-119.1211,74.1997],[-119.0653,74.1033],[-119.1675,73.9872],[-118.9731,74.0003],[-118.7903,74.1078],[-118.8811,74.178],[-118.6739,74.22],[-118.1019,74.2764],[-117.4386,74.2294],[-115.6142,73.6681],[-115.3231,73.4744],[-119.1375,72.6325],[-119.3111,72.3522],[-119.8014,72.2214],[-120.2511,72.2586],[-120.145,72.1436],[-120.4492,71.9469],[-120.3792,71.8839],[-120.3769,71.688],[-120.5433,71.5167],[-121.4292,71.3783],[-121.7439,71.4533],[-122.7811,71.0861],[-123.2233,71.1142],[-123.9489,71.6583],[-125.2364,71.9419],[-124.9397,71.9569],[-125.9978,71.9736],[-125.7789,71.9864],[-125.7153,72.0903],[-125.7883,72.1183],[-125.5664,72.1789],[-125.6567,72.2511],[-125.5017,72.2664],[-125.4367,72.4091],[-124.948,72.5705],[-125.0981,72.6308],[-124.9406,72.7025],[-125.0186,72.7028],[-124.9719,72.7558],[-125.1144,72.8616],[-124.4758,72.9272],[-124.8689,73.0806],[-124.6447,73.1564],[-124.4039,73.3719],[-124.4331,73.4214],[-124.0686,73.5358],[-124.0678,73.6547],[-123.7747,73.7644],[-124.2175,73.8728],[-124.4625,74.0697],[-124.5164,74.25],[-124.7708,74.3403],[-121.5186,74.5489],[-120.2172,74.2825],[-119.525,74.2297],[-119.6633,74.2239],[-119.8242,74.0947],[-119.7448,74.0255]]],[[[-116.4,77.1339],[-115.7314,76.9497],[-116.3653,76.9264],[-116.0003,76.8114],[-115.8967,76.6916],[-116.3225,76.5811],[-117.04,76.5375],[-116.9386,76.3464],[-117.3197,76.2578],[-118.06,76.4091],[-117.9042,76.5283],[-117.9733,76.5964],[-117.9192,76.688],[-117.7344,76.7783],[-117.7989,76.8178],[-118.3375,76.7683],[-118.3122,76.7053],[-118.495,76.7122],[-118.3042,76.5525],[-118.9758,76.4989],[-118.682,76.4453],[-118.5675,76.3366],[-118.9114,76.2655],[-118.8875,76.1739],[-119.0758,76.0833],[-119.2825,76.1275],[-119.4994,76.3611],[-119.7139,76.3317],[-119.5658,76.1753],[-119.7011,76.1508],[-119.5528,76.1178],[-119.805,76.1089],[-119.4914,76.0355],[-119.4811,75.9708],[-119.6369,75.9922],[-119.7033,75.9427],[-119.6069,75.9111],[-119.87,75.8575],[-120.1492,75.8964],[-120.4545,75.8158],[-120.3845,75.9678],[-120.6967,76.0139],[-120.7311,76.0577],[-120.6486,76.0997],[-120.7511,76.1058],[-120.6592,76.1425],[-120.8836,76.1983],[-121.0125,76.1392],[-120.932,75.96],[-121.1139,75.9917],[-121.295,75.9075],[-121.865,76.0422],[-122.4164,75.9286],[-122.6964,75.9556],[-122.5605,76.0205],[-122.6989,76.0183],[-122.4711,76.1103],[-122.7,76.1122],[-122.49,76.1411],[-122.6203,76.1744],[-123.0378,76.0847],[-122.8289,76.2339],[-122.6361,76.2647],[-122.6178,76.3422],[-121.5331,76.4372],[-121.1903,76.6805],[-120.4017,76.7972],[-120.4181,76.8753],[-119.3892,77.1844],[-119.1533,77.3258],[-117.8672,77.3886],[-117.935,77.3586],[-117.0231,77.2908],[-117.182,77.3403],[-116.7958,77.3175],[-116.6517,77.388],[-117.15,77.4572],[-116.4169,77.5569],[-115.3892,77.3122],[-116.4,77.1339]]],[[[-135.9686,69.0444],[-135.6489,68.9919],[-135.5178,69.0239],[-135.9347,69.0955],[-135.915,69.2575],[-135.6567,69.1436],[-135.4114,69.0975],[-135.8108,69.2428],[-135.8039,69.3167],[-135.6595,69.3167],[-135.5853,69.2233],[-135.5719,69.3386],[-135.1706,69.2578],[-135.2872,69.4191],[-135.1508,69.4769],[-134.4686,69.4444],[-134.4078,69.4742],[-134.5964,69.5144],[-134.4017,69.6383],[-134.4911,69.7222],[-134.147,69.6297],[-134.2422,69.568],[-133.7483,69.5422],[-134.3836,69.1183],[-134.5681,69.1066],[-134.6758,69.0114],[-134.6667,68.9561],[-134.4172,68.7844],[-134.2273,68.6964],[-134.4575,68.7191],[-134.8342,68.9875],[-134.9611,68.8925],[-135.4553,68.9778],[-135.5222,68.908],[-136.0053,68.9519],[-135.9189,68.9586],[-135.9686,69.0444]]],[[[-118.6192,75.9155],[-117.4714,76.0889],[-117.9275,75.7344],[-118.2636,75.6169],[-118.2039,75.5989],[-118.6047,75.4964],[-119.4081,75.6058],[-118.6192,75.9155]]],[[[-114.193,77.698],[-114.6347,77.7578],[-114.5217,77.7711],[-115.1161,77.9583],[-114.2869,78.0661],[-114.3506,78.0325],[-113.5761,77.8141],[-114.193,77.698]]],[[[-114.0547,76.7036],[-114.8758,76.7708],[-114.6064,76.8658],[-113.8075,76.8894],[-113.4539,76.7728],[-114.0547,76.7036]]],[[[-120.8678,75.9133],[-121.0328,75.7378],[-121.2883,75.7528],[-121.0294,75.8114],[-120.9978,75.9264],[-120.8678,75.9133]]],[[[-112.2372,70.3625],[-111.6717,70.3066],[-112.3178,70.3455],[-112.2372,70.3625]]],[[[-109.9217,68.1342],[-109.9322,68.0792],[-110.2586,68.0419],[-109.9217,68.1342]]],[[[-128.1202,70.5972],[-128.2314,70.5983],[-128.3417,70.5422],[-128.2342,70.6561],[-128.1202,70.5972]]],[[[-117.1833,70.5375],[-117.3017,70.5619],[-116.8794,70.5475],[-117.1833,70.5375]]],[[[-135.2975,69.305],[-135.5656,69.3905],[-135.3378,69.3886],[-135.2975,69.305]]],[[[-122.6333,75.9197],[-122.3242,75.8997],[-122.6917,75.9003],[-122.6333,75.9197]]],[[[-124.3075,73.6322],[-124.1139,73.5641],[-124.3436,73.56],[-124.3075,73.6322]]],[[[-113.7786,77.1042],[-113.9314,77.1297],[-113.6642,77.123],[-113.7786,77.1042]]]]}},
{"type":"Feature","properties":{"name":"New Brunswick","cartodb_id":7,"created_at":"2014-10-16T13:22:00Z","updated_at":"2014-10-16T13:22:00Z"},"geometry":{"type":"MultiPolygon","coordinates":[[[[-64.4828,47.9178],[-64.605,47.7483],[-64.6906,47.7531],[-64.6675,47.8669],[-64.4828,47.9178]]],[[[-69.0397,47.2972],[-68.5761,47.4247],[-68.3803,47.5586],[-68.3728,47.9247],[-68.1203,47.9267],[-68.1161,48.0019],[-67.6122,47.9975],[-67.3642,47.8414],[-66.3567,48.0733],[-66.3392,48.0136],[-65.7936,47.8908],[-65.6347,47.6208],[-65.2408,47.8067],[-64.8236,47.8114],[-64.8469,47.7444],[-64.6767,47.7356],[-64.8939,47.5569],[-64.9283,47.4508],[-64.8669,47.4847],[-64.91,47.3531],[-65.37,47.0867],[-64.7986,47.08],[-64.905,46.8511],[-64.7886,46.7242],[-64.8544,46.6722],[-64.7111,46.68],[-64.7114,46.48],[-64.6119,46.4097],[-64.7017,46.3267],[-64.5517,46.3633],[-64.5594,46.22],[-64.2539,46.2344],[-64.1461,46.1572],[-63.7764,46.1211],[-64.0681,46.0594],[-64.0428,45.9919],[-64.2729,45.8358],[-64.3614,45.8792],[-64.4819,45.7233],[-64.5389,45.723],[-64.5342,45.898],[-64.7545,46.0892],[-64.5736,45.8633],[-64.6422,45.7172],[-65.7397,45.2453],[-65.9189,45.2061],[-66.1264,45.3042],[-66.0025,45.4617],[-66.1933,45.3336],[-66.0578,45.2575],[-66.2167,45.1592],[-66.2455,45.2089],[-66.322,45.198],[-66.25,45.1614],[-66.4406,45.0733],[-66.4964,45.1497],[-66.88,45.0572],[-66.8458,45.1325],[-66.9494,45.1875],[-67.0333,45.0886],[-67.1825,45.2447],[-67.1512,45.1219],[-67.2747,45.1827],[-67.3462,45.1222],[-67.4785,45.2802],[-67.4191,45.3758],[-67.5047,45.4857],[-67.4166,45.5035],[-67.4399,45.5925],[-67.804,45.6781],[-67.7916,47.061],[-68.2313,47.3521],[-68.8954,47.1822],[-69.0397,47.2972]]]]}},
{"type":"Feature","properties":{"name":"Nova Scotia","cartodb_id":2,"created_at":"2014-10-16T13:22:00Z","updated_at":"2014-10-16T13:22:00Z"},"geometry":{"type":"MultiPolygon","coordinates":[[[[-60.8786,45.5558],[-61.0003,45.4558],[-61.1083,45.5408],[-60.8786,45.5558]]],[[[-66.7647,44.8011],[-66.7611,44.6761],[-66.9003,44.6133],[-66.8586,44.743],[-66.7647,44.8011]]],[[[-60.5964,46.1961],[-60.4164,46.328],[-60.6458,46.1061],[-60.88,46.0792],[-61.1131,45.9553],[-60.7342,46.0475],[-60.8075,45.9311],[-61.0664,45.8939],[-61.0878,45.8475],[-60.9681,45.8833],[-60.9178,45.8475],[-61.1425,45.6964],[-60.9144,45.7536],[-60.7978,45.7072],[-60.8442,45.6414],[-60.7336,45.6742],[-60.7197,45.7883],[-60.3958,45.9961],[-60.6861,45.8869],[-60.7853,45.9464],[-60.305,46.2105],[-60.6561,46.0678],[-60.3478,46.3106],[-60.2033,46.2353],[-60.2894,46.1547],[-60.1992,46.1436],[-60.1319,46.2486],[-59.8106,46.1628],[-59.96,46.0206],[-59.8236,45.9975],[-59.8186,45.9292],[-60.1303,45.8678],[-60.0736,45.7964],[-60.2339,45.7011],[-60.6731,45.5642],[-60.8715,45.6397],[-61.285,45.5425],[-61.4547,45.7056],[-61.5475,46.0256],[-60.6403,47.0],[-60.3981,47.0233],[-60.4981,46.8967],[-60.3022,46.8375],[-60.3961,46.6658],[-60.345,46.6064],[-60.5964,46.1961]]],[[[-64.0428,45.9919],[-63.6642,45.8153],[-63.6622,45.8705],[-63.4825,45.8772],[-63.4039,45.8544],[-63.5156,45.8072],[-63.235,45.8086],[-63.38,45.7661],[-63.2944,45.7219],[-63.0656,45.7555],[-63.1078,45.8089],[-62.6728,45.7678],[-62.7539,45.758],[-62.6361,45.7144],[-62.775,45.6711],[-62.7439,45.6111],[-62.6094,45.6842],[-62.4736,45.6555],[-62.4864,45.6036],[-61.9175,45.8856],[-61.8814,45.6866],[-61.6181,45.6106],[-61.4714,45.6825],[-61.3328,45.5408],[-61.2292,45.5019],[-61.4572,45.3436],[-60.9706,45.3217],[-60.9703,45.2697],[-61.1675,45.2039],[-61.2681,45.2547],[-61.4586,45.1447],[-61.6961,45.1778],[-61.6422,45.0842],[-61.8197,45.1044],[-62.0511,45.0064],[-61.9814,44.9831],[-62.3811,44.9136],[-62.4572,44.8297],[-62.4764,44.8956],[-62.5356,44.7986],[-62.612,44.8392],[-62.8403,44.7111],[-62.9978,44.7036],[-63.0556,44.7728],[-63.0547,44.6733],[-63.1189,44.7867],[-63.1428,44.6886],[-63.2458,44.7325],[-63.2831,44.6272],[-63.4514,44.6722],[-63.44,44.5908],[-63.6583,44.715],[-63.5203,44.5078],[-63.6311,44.4358],[-63.7983,44.4694],[-63.7833,44.5275],[-63.9325,44.5133],[-63.8872,44.6905],[-64.0594,44.6383],[-64.0092,44.5133],[-64.0831,44.4667],[-64.1703,44.5861],[-64.3019,44.5614],[-64.3558,44.4428],[-64.2114,44.3619],[-64.3461,44.3572],[-64.2581,44.27],[-64.4306,44.338],[-64.3636,44.2567],[-64.4942,44.1403],[-64.6042,44.1567],[-64.5564,44.0772],[-64.7156,44.0522],[-64.6664,43.9903],[-64.8453,43.9219],[-64.7856,43.8678],[-64.835,43.825],[-64.9661,43.8728],[-64.9653,43.7517],[-65.0403,43.8267],[-65.0256,43.7081],[-65.0836,43.7525],[-65.1247,43.6706],[-65.2372,43.7986],[-65.285,43.6697],[-65.3325,43.7686],[-65.3386,43.5494],[-65.4503,43.5997],[-65.4044,43.5028],[-65.4492,43.5597],[-65.4814,43.4644],[-65.5686,43.5703],[-65.7258,43.5025],[-65.8608,43.8044],[-65.9628,43.7747],[-66.005,43.8405],[-65.9658,43.7308],[-66.0206,43.6911],[-66.123,43.7406],[-66.2117,44.0953],[-66.1186,44.338],[-65.8414,44.5742],[-66.1911,44.4233],[-65.785,44.6905],[-65.685,44.6169],[-65.4283,44.7767],[-65.7411,44.7072],[-64.3931,45.3033],[-64.4892,45.3353],[-64.3275,45.3033],[-64.3858,45.1456],[-64.2442,45.1239],[-64.1564,44.9783],[-64.0989,45.0575],[-64.1986,45.1172],[-64.1528,45.1928],[-63.3608,45.3608],[-64.5633,45.4117],[-64.76,45.2894],[-64.9372,45.3269],[-64.9092,45.418],[-64.3755,45.7925],[-64.2667,45.7611],[-64.155,45.9689],[-64.0428,45.9919]]]]}},
{"type":"Feature","properties":{"name":"Saskatchewan","cartodb_id":3,"created_at":"2014-10-16T13:22:00Z","updated_at":"2014-10-16T13:22:00Z"},"geometry":{"type":"Polygon","coordinates":[[[-102.0017,59.9999],[-102.0009,55.8302],[-101.567,51.9708],[-101.3672,49.0],[-110.0014,49.0],[-110.0009,59.9953],[-102.0017,59.9999]]]}},
{"type":"Feature","properties":{"name":"Alberta","cartodb_id":4,"created_at":"2014-10-16T13:22:00Z","updated_at":"2014-10-16T13:22:00Z"},"geometry":{"type":"Polygon","coordinates":[[[-114.0603,49.0],[-114.1542,49.148],[-114.3728,49.2042],[-114.5764,49.39],[-114.5764,49.5561],[-114.7383,49.6086],[-114.6361,49.7278],[-114.6589,50.0653],[-114.7703,50.3583],[-115.017,50.575],[-115.2189,50.5469],[-115.3467,50.7322],[-115.6472,50.8547],[-115.572,50.9033],[-115.6186,50.9692],[-116.2622,51.3167],[-116.305,51.4617],[-116.595,51.6575],[-116.6589,51.7967],[-116.9192,51.7092],[-117.0392,51.908],[-117.27,52.045],[-117.3189,52.1819],[-117.6003,52.1305],[-117.76,52.2008],[-117.8297,52.2728],[-117.7547,52.4036],[-118.0056,52.4878],[-118.0475,52.405],[-118.2231,52.3656],[-118.3461,52.7433],[-118.4914,52.8978],[-118.625,52.8842],[-118.67,53.0344],[-118.7811,53.0558],[-118.7597,53.1247],[-118.9786,53.2372],[-119.0455,53.1378],[-119.2656,53.1967],[-119.3858,53.3617],[-119.7381,53.395],[-119.9025,53.5203],[-119.9322,53.6072],[-119.7353,53.635],[-120.0008,53.808],[-119.9829,59.9885],[-110.0009,59.9953],[-110.0014,49.0],[-114.0603,49.0]]]}},
{"type":"Feature","properties":{"name":"Prince Edward Island","cartodb_id":8,"created_at":"2014-10-16T13:22:00Z","updated_at":"2014-10-16T13:22:00Z"},"geometry":{"type":"Polygon","coordinates":[[[-63.745,46.3947],[-64.135,46.4164],[-64.0714,46.6358],[-64.3875,46.6208],[-64.4167,46.6811],[-63.9989,47.0617],[-63.9675,46.8917],[-64.0917,46.7786],[-63.8325,46.6172],[-63.9375,46.4766],[-63.8317,46.5164],[-63.7094,46.4375],[-63.7233,46.5436],[-63.6472,46.5672],[-63.4547,46.4617],[-63.3203,46.4928],[-63.2389,46.3997],[-61.9706,46.4569],[-62.1733,46.3494],[-62.3578,46.3558],[-62.3739,46.2622],[-62.495,46.2714],[-62.4247,46.2155],[-62.5853,46.2322],[-62.4981,46.1825],[-62.6039,46.1772],[-62.4469,46.0905],[-62.5739,46.0347],[-62.4592,46.0064],[-62.7467,45.9483],[-62.8961,46.065],[-63.0308,46.0608],[-62.8853,46.1558],[-63.1222,46.2117],[-62.9628,46.32],[-63.195,46.27],[-63.2731,46.1953],[-63.1406,46.1864],[-63.2617,46.138],[-63.6986,46.2492],[-63.8128,46.3322],[-63.7147,46.3542],[-63.745,46.3947]]]}},
{"type":"Feature","properties":{"name":"Yukon Territory","cartodb_id":9,"created_at":"2014-10-16T13:22:00Z","updated_at":"2014-10-16T13:22:00Z"},"geometry":{"type":"MultiPolygon","coordinates":[[[[-138.8672,69.5883],[-139.3325,69.5661],[-139.1331,69.6478],[-138.8672,69.5883]]],[[[-123.8169,59.9947],[-138.9386,59.9976],[-139.1889,60.0889],[-139.0681,60.3522],[-139.6767,60.3405],[-139.9794,60.1878],[-140.4508,60.3097],[-140.5214,60.2222],[-140.9955,60.3072],[-141.003,69.6424],[-139.8883,69.6167],[-139.1431,69.5108],[-138.6006,69.2366],[-138.45,69.2292],[-138.3783,69.3047],[-138.1772,69.16],[-137.255,68.9483],[-136.42,68.9005],[-136.445,67.7156],[-136.1578,67.5078],[-136.2053,67.4069],[-136.0914,67.3025],[-136.2364,67.1739],[-136.1645,67.0036],[-133.8311,67.0033],[-134.0925,66.9553],[-133.7639,66.8069],[-133.8403,66.7278],[-133.5867,66.5647],[-133.6903,66.5319],[-133.6294,66.4453],[-133.7503,66.4477],[-133.8247,66.3167],[-133.57,66.2783],[-133.5639,66.1558],[-133.7047,66.0719],[-133.6033,66.0517],[-133.6294,65.9744],[-132.9397,66.0289],[-132.9939,65.923],[-132.869,65.9105],[-132.6058,66.0317],[-132.3428,65.9819],[-132.5733,65.8486],[-132.1742,65.5914],[-132.5553,65.2836],[-132.7806,65.2297],[-132.3333,65.0347],[-132.6225,64.8269],[-131.7028,64.5355],[-131.8181,64.3783],[-131.593,64.3686],[-131.3886,64.4672],[-131.1417,64.4244],[-131.002,64.3303],[-131.0605,64.2794],[-130.8672,64.1878],[-130.9478,64.1372],[-130.8639,64.0431],[-130.1197,63.808],[-130.3211,63.6958],[-130.1097,63.7036],[-129.8195,63.4833],[-130.1511,63.2658],[-129.9003,63.1972],[-129.8472,63.0869],[-129.5989,63.0519],[-129.7739,62.8744],[-129.517,62.6725],[-129.4878,62.6189],[-129.5678,62.5744],[-129.1722,62.4817],[-129.3083,62.4214],[-129.2158,62.3775],[-129.3105,62.3264],[-129.1992,62.2169],[-129.2939,62.1561],[-128.7653,62.0583],[-128.547,62.1222],[-128.1967,61.8442],[-128.0806,61.8492],[-127.9728,61.6886],[-127.5503,61.5114],[-127.1417,61.4667],[-127.007,61.185],[-127.1019,61.0708],[-126.9353,61.0592],[-126.9253,60.8622],[-126.8261,60.755],[-126.2536,60.7887],[-126.2022,60.8637],[-126.0092,60.8034],[-125.8872,60.8969],[-125.37,60.7826],[-124.8717,60.8581],[-124.813,60.9725],[-124.5789,60.953],[-124.4769,60.7906],[-124.6142,60.6686],[-124.4183,60.4792],[-124.2064,60.4572],[-124.1953,60.3289],[-123.9742,60.098],[-124.0292,60.023],[-123.8169,59.9947]]]]}},
{"type":"Feature","properties":{"name":"Manitoba","cartodb_id":10,"created_at":"2014-10-16T13:22:00Z","updated_at":"2014-10-16T13:22:00Z"},"geometry":{"type":"Polygon","coordinates":[[[-102.0017,59.9999],[-94.8005,59.9996],[-94.8192,59.6364],[-94.7367,59.3422],[-94.6586,59.3506],[-94.775,59.2933],[-94.7947,59.0872],[-94.9961,59.0539],[-94.8044,59.0614],[-94.68,58.9714],[-94.7453,58.8331],[-94.5864,58.875],[-94.4217,58.7164],[-94.2031,58.8042],[-94.3633,58.2189],[-94.2286,58.3961],[-94.1772,58.7714],[-93.1522,58.7378],[-93.1181,58.5089],[-92.8033,58.0572],[-92.7811,57.8347],[-92.4189,57.3375],[-92.5764,57.0569],[-92.8761,56.9075],[-92.443,57.0447],[-92.2122,57.058],[-92.4664,56.9325],[-91.0017,57.2614],[-89.1796,56.8689],[-89.3056,56.6272],[-90.8439,55.6678],[-93.6522,53.7222],[-95.1503,52.8264],[-95.1575,49.0],[-101.3672,49.0],[-101.567,51.9708],[-102.0009,55.8302],[-102.0017,59.9999]]]}},
{"type":"Feature","properties":{"name":"Ontario","cartodb_id":11,"created_at":"2014-10-16T13:22:00Z","updated_at":"2014-10-16T13:22:00Z"},"geometry":{"type":"MultiPolygon","coordinates":[[[[-79.5471,51.4601],[-79.5394,51.1917],[-79.5378,50.9824],[-79.7522,51.1844],[-79.698,51.4014],[-79.5471,51.4601]]],[[[-79.5376,50.9586],[-79.5113,47.5656],[-79.5764,47.4419],[-79.4394,47.2653],[-79.4439,47.1106],[-78.9506,46.5117],[-78.7036,46.3372],[-77.555,46.1519],[-77.0028,45.7903],[-76.9106,45.89],[-76.8047,45.8647],[-76.6664,45.5905],[-76.3378,45.4558],[-76.0767,45.5139],[-75.8472,45.3725],[-75.4533,45.5236],[-74.6461,45.6356],[-74.3967,45.5642],[-74.4792,45.3167],[-74.3247,45.2011],[-74.5064,45.0717],[-75.3292,44.8106],[-75.9769,44.3836],[-76.6883,44.2169],[-76.9842,44.0714],[-77.07,44.0922],[-76.8867,44.1775],[-77.0467,44.1294],[-77.0114,44.2111],[-77.5572,44.1214],[-77.3144,44.1522],[-77.3178,44.0897],[-77.0767,44.1794],[-77.1278,44.0336],[-77.0158,44.0472],[-76.8467,44.1183],[-77.0422,43.9483],[-76.8481,43.9433],[-77.1345,43.8555],[-77.2328,43.88],[-77.1703,43.9542],[-77.4856,43.9422],[-77.7036,44.0411],[-79.0925,43.8264],[-79.5878,43.5647],[-79.7758,43.32],[-79.7036,43.2444],[-79.3453,43.188],[-79.074,43.2675],[-79.0786,43.0817],[-78.9249,42.9101],[-79.0989,42.8403],[-79.4547,42.8775],[-80.2042,42.7903],[-80.4506,42.6122],[-80.1144,42.5414],[-80.925,42.6655],[-81.3331,42.6514],[-81.7853,42.3978],[-81.8564,42.2564],[-81.8575,42.3208],[-82.3881,42.1236],[-82.5058,41.9133],[-82.6278,42.0353],[-82.8906,41.9822],[-83.1239,42.0697],[-83.0305,42.3132],[-82.4272,42.3539],[-82.4189,42.4983],[-82.6384,42.547],[-82.5189,42.6338],[-82.472,42.8987],[-81.7455,43.3458],[-81.745,44.0839],[-81.5806,44.3467],[-81.2681,44.6167],[-81.3497,44.973],[-81.4339,44.9825],[-81.5761,45.1928],[-81.72,45.2158],[-81.6953,45.2647],[-81.2836,45.2492],[-81.3256,45.1575],[-81.2536,45.0017],[-81.1103,44.9603],[-81.1503,44.9114],[-80.9486,44.9636],[-81.1328,44.758],[-80.8928,44.7911],[-80.9422,44.5953],[-80.65,44.7261],[-80.5844,44.6122],[-80.0897,44.468],[-79.9875,44.6828],[-80.1133,44.7525],[-80.1039,44.82],[-79.9458,44.8656],[-79.8775,44.7683],[-79.6597,44.7517],[-79.7217,44.7872],[-79.6831,44.8792],[-79.7836,44.8175],[-79.8286,44.9361],[-80.1,45.1233],[-79.9886,45.1483],[-80.1294,45.2375],[-80.0594,45.3828],[-80.2333,45.3411],[-80.3358,45.4356],[-80.35,45.3828],[-80.4003,45.6067],[-80.5014,45.5694],[-80.7483,45.9214],[-81.1553,45.9258],[-81.1689,46.0178],[-81.6703,45.9464],[-81.5039,46.0417],[-81.7039,46.0186],[-81.5433,46.06],[-81.6214,46.1231],[-81.7611,46.013],[-81.7144,46.1042],[-82.6742,46.1644],[-82.6303,46.2178],[-82.9869,46.1722],[-84.0497,46.3261],[-84.1195,46.3753],[-84.075,46.5036],[-84.1731,46.5525],[-84.5172,46.4822],[-84.5903,46.5658],[-84.4219,46.6961],[-84.4658,46.7583],[-84.5483,46.6994],[-84.5442,46.825],[-84.3511,46.8828],[-84.7778,46.9817],[-84.5789,47.2889],[-85.0278,47.6114],[-84.8445,47.9492],[-85.8603,47.9853],[-86.1314,48.2414],[-86.2628,48.5844],[-86.4347,48.7772],[-87.2897,48.7675],[-88.0356,49.0222],[-88.2611,48.993],[-88.2539,48.8722],[-88.1053,48.7875],[-88.2045,48.6067],[-88.3325,48.6572],[-88.3125,48.5817],[-88.4303,48.5736],[-88.5597,48.4303],[-88.5564,48.5461],[-88.3139,48.7606],[-88.4803,48.8544],[-88.7403,48.3697],[-88.9386,48.3144],[-88.7595,48.5806],[-89.1386,48.4844],[-89.3378,48.1161],[-89.5306,48.0018],[-89.9003,47.9926],[-90.1452,48.1129],[-90.7433,48.0886],[-90.8644,48.2543],[-91.2393,48.0814],[-91.5714,48.0437],[-91.7118,48.1969],[-91.9794,48.2505],[-92.035,48.3556],[-92.276,48.3524],[-92.2768,48.2444],[-92.37,48.2209],[-92.4974,48.4402],[-92.7065,48.4605],[-92.6417,48.5404],[-92.9468,48.6284],[-93.3041,48.6372],[-93.7809,48.5116],[-93.8437,48.6248],[-94.5701,48.7137],[-94.6942,48.7776],[-94.8318,49.3308],[-95.1516,49.3717],[-95.1503,52.8264],[-93.6522,53.7222],[-90.8439,55.6678],[-89.3056,56.6272],[-89.1796,56.8689],[-88.8794,56.8581],[-88.3536,56.5533],[-87.9756,56.4375],[-87.5836,56.0761],[-87.6158,56.0028],[-87.5486,56.05],[-87.3625,55.9467],[-86.9794,55.9317],[-85.9444,55.6978],[-85.1289,55.3464],[-85.3981,55.1008],[-85.4239,54.9906],[-85.1942,55.2442],[-85.002,55.2967],[-84.5992,55.2417],[-83.9203,55.3192],[-83.6014,55.2242],[-83.5619,55.1308],[-83.5836,55.2292],[-83.6986,55.2831],[-83.1797,55.1972],[-82.9647,55.2336],[-82.8953,55.1717],[-82.9467,55.1064],[-82.5367,55.1644],[-82.3195,55.0642],[-82.3406,55.1647],[-82.2458,55.1028],[-82.2708,54.9314],[-82.1953,54.8447],[-82.4411,54.3617],[-82.4342,54.2094],[-82.2439,54.068],[-82.13,53.7992],[-82.2167,53.6039],[-82.1147,53.2736],[-82.2506,53.2119],[-82.3017,52.9611],[-81.558,52.4561],[-81.4781,52.3022],[-81.8225,52.2544],[-81.8836,52.1875],[-81.5017,52.2333],[-81.3528,52.1011],[-80.9883,52.008],[-80.5992,51.7133],[-80.4244,51.3636],[-80.6525,51.2783],[-81.015,51.0283],[-80.9439,51.0075],[-80.8622,51.1161],[-80.3922,51.3386],[-79.9964,51.2547],[-79.5376,50.9586]]],[[[-83.1869,45.9647],[-82.81,45.9925],[-82.8422,45.9203],[-82.7575,45.8442],[-82.5392,45.7855],[-82.5092,45.8486],[-82.5869,45.9025],[-82.2994,45.9919],[-82.1675,45.8378],[-81.9278,45.978],[-81.9083,45.8919],[-81.8203,45.8803],[-81.8,45.7322],[-81.6836,45.905],[-81.7072,45.7983],[-81.5872,45.8],[-81.8633,45.5206],[-81.9947,45.5597],[-81.7611,45.7011],[-82.0658,45.5589],[-82.6892,45.793],[-83.2133,45.8739],[-83.1869,45.9647]]]]}}
]
}
